titulo,descripcion,imagen,ingredientes,fecha,fuente,Producto,Porción,Nutriente,Cantidad,Unidad,%VD,Cantidad_num,_origen_html,_row,Nutriente_unidad
Yogur Parcialmente Descremado Sin Endulzar Sabor Natural Yogurisimo Griego,"YOGUR CON PROBIÓTICOS ENTERO REDUCIDO EN LACTOSA FORTIFICADO CON ZINC Y VITAMINAS A, B12, D Y ÁCIDO FÓLICO SABOR NATURAL LIBRE DE GLUTEN",https://www.nutrinfo.com/imagenes/vademecum/16259/68dc7dc774981.jpg,"INGREDIENTES: Leche entera pasteurizada, proteínas lácteas, almidón modificado de maíz, gelatina, lactasa, zinc, cultivos lácticos, cultivo probiótico (L. rhamnosus CRL 1505), vitaminas B12, A, D y ácido fólico.",01-10-2025,Página web empresa oficial,Yogur Parcialmente Descremado Sin Endulzar Sabor Natural Yogurisimo Griego,Porción: 200 g (1 vaso),Valor energético,163,kcal,8.0,163.0,modal_html,0,Valor energético [kcal]
Yogur Parcialmente Descremado Sin Endulzar Sabor Natural Yogurisimo Griego,"YOGUR CON PROBIÓTICOS ENTERO REDUCIDO EN LACTOSA FORTIFICADO CON ZINC Y VITAMINAS A, B12, D Y ÁCIDO FÓLICO SABOR NATURAL LIBRE DE GLUTEN",https://www.nutrinfo.com/imagenes/vademecum/16259/68dc7dc774981.jpg,"INGREDIENTES: Leche entera pasteurizada, proteínas lácteas, almidón modificado de maíz, gelatina, lactasa, zinc, cultivos lácticos, cultivo probiótico (L. rhamnosus CRL 1505), vitaminas B12, A, D y ácido fólico.",01-10-2025,Página web empresa oficial,Yogur Parcialmente Descremado Sin Endulzar Sabor Natural Yogurisimo Griego,Porción: 200 g (1 vaso),Azúcares,11.49,g,,11.49,modal_html,0,Azúcares [g]
Yogur Parcialmente Descremado Sin Endulzar Sabor Natural Yogurisimo Griego,"YOGUR CON PROBIÓTICOS ENTERO REDUCIDO EN LACTOSA FORTIFICADO CON ZINC Y VITAMINAS A, B12, D Y ÁCIDO FÓLICO SABOR NATURAL LIBRE DE GLUTEN",https://www.nutrinfo.com/imagenes/vademecum/16259/68dc7dc774981.jpg,"INGREDIENTES: Leche entera pasteurizada, proteínas lácteas, almidón modificado de maíz, gelatina, lactasa, zinc, cultivos lácticos, cultivo probiótico (L. rhamnosus CRL 1505), vitaminas B12, A, D y ácido fólico.",01-10-2025,Página web empresa oficial,Yogur Parcialmente Descremado Sin Endulzar Sabor Natural Yogurisimo Griego,Porción: 200 g (1 vaso),Lactosa,3.3,g,,3.3,modal_html,0,Lactosa [g]
Yogur Parcialmente Descremado Sin Endulzar Sabor Natural Yogurisimo Griego,"YOGUR CON PROBIÓTICOS ENTERO REDUCIDO EN LACTOSA FORTIFICADO CON ZINC Y VITAMINAS A, B12, D Y ÁCIDO FÓLICO SABOR NATURAL LIBRE DE GLUTEN",https://www.nutrinfo.com/imagenes/vademecum/16259/68dc7dc774981.jpg,"INGREDIENTES: Leche entera pasteurizada, proteínas lácteas, almidón modificado de maíz, gelatina, lactasa, zinc, cultivos lácticos, cultivo probiótico (L. rhamnosus CRL 1505), vitaminas B12, A, D y ácido fólico.",01-10-2025,Página web empresa oficial,Yogur Parcialmente Descremado Sin Endulzar Sabor Natural Yogurisimo Griego,Porción: 200 g (1 vaso),Proteínas,13,g,17.0,13.0,modal_html,0,Proteínas [g]
Yogur Parcialmente Descremado Sin Endulzar Sabor Natural Yogurisimo Griego,"YOGUR CON PROBIÓTICOS ENTERO REDUCIDO EN LACTOSA FORTIFICADO CON ZINC Y VITAMINAS A, B12, D Y ÁCIDO FÓLICO SABOR NATURAL LIBRE DE GLUTEN",https://www.nutrinfo.com/imagenes/vademecum/16259/68dc7dc774981.jpg,"INGREDIENTES: Leche entera pasteurizada, proteínas lácteas, almidón modificado de maíz, gelatina, lactasa, zinc, cultivos lácticos, cultivo probiótico (L. rhamnosus CRL 1505), vitaminas B12, A, D y ácido fólico.",01-10-2025,Página web empresa oficial,Yogur Parcialmente Descremado Sin Endulzar Sabor Natural Yogurisimo Griego,Porción: 200 g (1 vaso),Grasas saturadas,3.6,g,16.0,3.6,modal_html,0,Grasas saturadas [g]
Yogur Parcialmente Descremado Sin Endulzar Sabor Natural Yogurisimo Griego,"YOGUR CON PROBIÓTICOS ENTERO REDUCIDO EN LACTOSA FORTIFICADO CON ZINC Y VITAMINAS A, B12, D Y ÁCIDO FÓLICO SABOR NATURAL LIBRE DE GLUTEN",https://www.nutrinfo.com/imagenes/vademecum/16259/68dc7dc774981.jpg,"INGREDIENTES: Leche entera pasteurizada, proteínas lácteas, almidón modificado de maíz, gelatina, lactasa, zinc, cultivos lácticos, cultivo probiótico (L. rhamnosus CRL 1505), vitaminas B12, A, D y ácido fólico.",01-10-2025,Página web empresa oficial,Yogur Parcialmente Descremado Sin Endulzar Sabor Natural Yogurisimo Griego,Porción: 200 g (1 vaso),Grasas trans,0,g,,0.0,modal_html,0,Grasas trans [g]
Yogur Parcialmente Descremado Sin Endulzar Sabor Natural Yogurisimo Griego,"YOGUR CON PROBIÓTICOS ENTERO REDUCIDO EN LACTOSA FORTIFICADO CON ZINC Y VITAMINAS A, B12, D Y ÁCIDO FÓLICO SABOR NATURAL LIBRE DE GLUTEN",https://www.nutrinfo.com/imagenes/vademecum/16259/68dc7dc774981.jpg,"INGREDIENTES: Leche entera pasteurizada, proteínas lácteas, almidón modificado de maíz, gelatina, lactasa, zinc, cultivos lácticos, cultivo probiótico (L. rhamnosus CRL 1505), vitaminas B12, A, D y ácido fólico.",01-10-2025,Página web empresa oficial,Yogur Parcialmente Descremado Sin Endulzar Sabor Natural Yogurisimo Griego,Porción: 200 g (1 vaso),Fibra,0,g,0.0,0.0,modal_html,0,Fibra [g]
Yogur Parcialmente Descremado Sin Endulzar Sabor Natural Yogurisimo Griego,"YOGUR CON PROBIÓTICOS ENTERO REDUCIDO EN LACTOSA FORTIFICADO CON ZINC Y VITAMINAS A, B12, D Y ÁCIDO FÓLICO SABOR NATURAL LIBRE DE GLUTEN",https://www.nutrinfo.com/imagenes/vademecum/16259/68dc7dc774981.jpg,"INGREDIENTES: Leche entera pasteurizada, proteínas lácteas, almidón modificado de maíz, gelatina, lactasa, zinc, cultivos lácticos, cultivo probiótico (L. rhamnosus CRL 1505), vitaminas B12, A, D y ácido fólico.",01-10-2025,Página web empresa oficial,Yogur Parcialmente Descremado Sin Endulzar Sabor Natural Yogurisimo Griego,Porción: 200 g (1 vaso),Sodio,168,mg,7.0,168.0,modal_html,0,Sodio [mg]
Yogur Parcialmente Descremado Sin Endulzar Sabor Natural Yogurisimo Griego,"YOGUR CON PROBIÓTICOS ENTERO REDUCIDO EN LACTOSA FORTIFICADO CON ZINC Y VITAMINAS A, B12, D Y ÁCIDO FÓLICO SABOR NATURAL LIBRE DE GLUTEN",https://www.nutrinfo.com/imagenes/vademecum/16259/68dc7dc774981.jpg,"INGREDIENTES: Leche entera pasteurizada, proteínas lácteas, almidón modificado de maíz, gelatina, lactasa, zinc, cultivos lácticos, cultivo probiótico (L. rhamnosus CRL 1505), vitaminas B12, A, D y ácido fólico.",01-10-2025,Página web empresa oficial,Yogur Parcialmente Descremado Sin Endulzar Sabor Natural Yogurisimo Griego,Porción: 200 g (1 vaso),Vitamina A,219,µg,37.0,219.0,modal_html,0,Vitamina A [µg]
Yogur Parcialmente Descremado Sin Endulzar Sabor Natural Yogurisimo Griego,"YOGUR CON PROBIÓTICOS ENTERO REDUCIDO EN LACTOSA FORTIFICADO CON ZINC Y VITAMINAS A, B12, D Y ÁCIDO FÓLICO SABOR NATURAL LIBRE DE GLUTEN",https://www.nutrinfo.com/imagenes/vademecum/16259/68dc7dc774981.jpg,"INGREDIENTES: Leche entera pasteurizada, proteínas lácteas, almidón modificado de maíz, gelatina, lactasa, zinc, cultivos lácticos, cultivo probiótico (L. rhamnosus CRL 1505), vitaminas B12, A, D y ácido fólico.",01-10-2025,Página web empresa oficial,Yogur Parcialmente Descremado Sin Endulzar Sabor Natural Yogurisimo Griego,Porción: 200 g (1 vaso),Ácido Fólico (B9),84.02,µg,21.0,84.02,modal_html,0,Ácido Fólico (B9) [µg]
Yogur Parcialmente Descremado Sin Endulzar Sabor Natural Yogurisimo Griego,"YOGUR CON PROBIÓTICOS ENTERO REDUCIDO EN LACTOSA FORTIFICADO CON ZINC Y VITAMINAS A, B12, D Y ÁCIDO FÓLICO SABOR NATURAL LIBRE DE GLUTEN",https://www.nutrinfo.com/imagenes/vademecum/16259/68dc7dc774981.jpg,"INGREDIENTES: Leche entera pasteurizada, proteínas lácteas, almidón modificado de maíz, gelatina, lactasa, zinc, cultivos lácticos, cultivo probiótico (L. rhamnosus CRL 1505), vitaminas B12, A, D y ácido fólico.",01-10-2025,Página web empresa oficial,Yogur Parcialmente Descremado Sin Endulzar Sabor Natural Yogurisimo Griego,Porción: 200 g (1 vaso),Cianocobalamina (B12),1.4,µg,58.0,1.4,modal_html,0,Cianocobalamina (B12) [µg]
Yogur Parcialmente Descremado Sin Endulzar Sabor Natural Yogurisimo Griego,"YOGUR CON PROBIÓTICOS ENTERO REDUCIDO EN LACTOSA FORTIFICADO CON ZINC Y VITAMINAS A, B12, D Y ÁCIDO FÓLICO SABOR NATURAL LIBRE DE GLUTEN",https://www.nutrinfo.com/imagenes/vademecum/16259/68dc7dc774981.jpg,"INGREDIENTES: Leche entera pasteurizada, proteínas lácteas, almidón modificado de maíz, gelatina, lactasa, zinc, cultivos lácticos, cultivo probiótico (L. rhamnosus CRL 1505), vitaminas B12, A, D y ácido fólico.",01-10-2025,Página web empresa oficial,Yogur Parcialmente Descremado Sin Endulzar Sabor Natural Yogurisimo Griego,Porción: 200 g (1 vaso),Calcio,306,mg,31.0,306.0,modal_html,0,Calcio [mg]
Yogur Parcialmente Descremado Sin Endulzar Sabor Natural Yogurisimo Griego,"YOGUR CON PROBIÓTICOS ENTERO REDUCIDO EN LACTOSA FORTIFICADO CON ZINC Y VITAMINAS A, B12, D Y ÁCIDO FÓLICO SABOR NATURAL LIBRE DE GLUTEN",https://www.nutrinfo.com/imagenes/vademecum/16259/68dc7dc774981.jpg,"INGREDIENTES: Leche entera pasteurizada, proteínas lácteas, almidón modificado de maíz, gelatina, lactasa, zinc, cultivos lácticos, cultivo probiótico (L. rhamnosus CRL 1505), vitaminas B12, A, D y ácido fólico.",01-10-2025,Página web empresa oficial,Yogur Parcialmente Descremado Sin Endulzar Sabor Natural Yogurisimo Griego,Porción: 200 g (1 vaso),Zinc,2.5,mg,36.0,2.5,modal_html,0,Zinc [mg]
Galletitas Crackers Mix de Semillas Shiva,"YOGUR CON PROBIÓTICOS ENTERO REDUCIDO EN LACTOSA FORTIFICADO CON ZINC Y VITAMINAS A, B12, D Y ÁCIDO FÓLICO SABOR NATURAL LIBRE DE GLUTEN",https://www.nutrinfo.com/imagenes/vademecum/16259/68dc7dc774981.jpg,"INGREDIENTES: Leche entera pasteurizada, proteínas lácteas, almidón modificado de maíz, gelatina, lactasa, zinc, cultivos lácticos, cultivo probiótico (L. rhamnosus CRL 1505), vitaminas B12, A, D y ácido fólico.",01-10-2025,Rótulo,Galletitas Crackers Mix de Semillas Shiva,Porción: 30 g (4 galletitas),Valor energético,129,kcal,6.0,129.0,modal_html,1,Valor energético [kcal]
Galletitas Crackers Mix de Semillas Shiva,"YOGUR CON PROBIÓTICOS ENTERO REDUCIDO EN LACTOSA FORTIFICADO CON ZINC Y VITAMINAS A, B12, D Y ÁCIDO FÓLICO SABOR NATURAL LIBRE DE GLUTEN",https://www.nutrinfo.com/imagenes/vademecum/16259/68dc7dc774981.jpg,"INGREDIENTES: Leche entera pasteurizada, proteínas lácteas, almidón modificado de maíz, gelatina, lactasa, zinc, cultivos lácticos, cultivo probiótico (L. rhamnosus CRL 1505), vitaminas B12, A, D y ácido fólico.",01-10-2025,Rótulo,Galletitas Crackers Mix de Semillas Shiva,Porción: 30 g (4 galletitas),Azúcares,0.4,g,,0.4,modal_html,1,Azúcares [g]
Galletitas Crackers Mix de Semillas Shiva,"YOGUR CON PROBIÓTICOS ENTERO REDUCIDO EN LACTOSA FORTIFICADO CON ZINC Y VITAMINAS A, B12, D Y ÁCIDO FÓLICO SABOR NATURAL LIBRE DE GLUTEN",https://www.nutrinfo.com/imagenes/vademecum/16259/68dc7dc774981.jpg,"INGREDIENTES: Leche entera pasteurizada, proteínas lácteas, almidón modificado de maíz, gelatina, lactasa, zinc, cultivos lácticos, cultivo probiótico (L. rhamnosus CRL 1505), vitaminas B12, A, D y ácido fólico.",01-10-2025,Rótulo,Galletitas Crackers Mix de Semillas Shiva,Porción: 30 g (4 galletitas),Proteínas,2.9,g,4.0,2.9,modal_html,1,Proteínas [g]
Galletitas Crackers Mix de Semillas Shiva,"YOGUR CON PROBIÓTICOS ENTERO REDUCIDO EN LACTOSA FORTIFICADO CON ZINC Y VITAMINAS A, B12, D Y ÁCIDO FÓLICO SABOR NATURAL LIBRE DE GLUTEN",https://www.nutrinfo.com/imagenes/vademecum/16259/68dc7dc774981.jpg,"INGREDIENTES: Leche entera pasteurizada, proteínas lácteas, almidón modificado de maíz, gelatina, lactasa, zinc, cultivos lácticos, cultivo probiótico (L. rhamnosus CRL 1505), vitaminas B12, A, D y ácido fólico.",01-10-2025,Rótulo,Galletitas Crackers Mix de Semillas Shiva,Porción: 30 g (4 galletitas),Grasas saturadas,1.4,g,6.0,1.4,modal_html,1,Grasas saturadas [g]
Galletitas Crackers Mix de Semillas Shiva,"YOGUR CON PROBIÓTICOS ENTERO REDUCIDO EN LACTOSA FORTIFICADO CON ZINC Y VITAMINAS A, B12, D Y ÁCIDO FÓLICO SABOR NATURAL LIBRE DE GLUTEN",https://www.nutrinfo.com/imagenes/vademecum/16259/68dc7dc774981.jpg,"INGREDIENTES: Leche entera pasteurizada, proteínas lácteas, almidón modificado de maíz, gelatina, lactasa, zinc, cultivos lácticos, cultivo probiótico (L. rhamnosus CRL 1505), vitaminas B12, A, D y ácido fólico.",01-10-2025,Rótulo,Galletitas Crackers Mix de Semillas Shiva,Porción: 30 g (4 galletitas),Grasas trans,0,g,,0.0,modal_html,1,Grasas trans [g]
Galletitas Crackers Mix de Semillas Shiva,"YOGUR CON PROBIÓTICOS ENTERO REDUCIDO EN LACTOSA FORTIFICADO CON ZINC Y VITAMINAS A, B12, D Y ÁCIDO FÓLICO SABOR NATURAL LIBRE DE GLUTEN",https://www.nutrinfo.com/imagenes/vademecum/16259/68dc7dc774981.jpg,"INGREDIENTES: Leche entera pasteurizada, proteínas lácteas, almidón modificado de maíz, gelatina, lactasa, zinc, cultivos lácticos, cultivo probiótico (L. rhamnosus CRL 1505), vitaminas B12, A, D y ácido fólico.",01-10-2025,Rótulo,Galletitas Crackers Mix de Semillas Shiva,Porción: 30 g (4 galletitas),Fibra,1,g,4.0,1.0,modal_html,1,Fibra [g]
Galletitas Crackers Mix de Semillas Shiva,"YOGUR CON PROBIÓTICOS ENTERO REDUCIDO EN LACTOSA FORTIFICADO CON ZINC Y VITAMINAS A, B12, D Y ÁCIDO FÓLICO SABOR NATURAL LIBRE DE GLUTEN",https://www.nutrinfo.com/imagenes/vademecum/16259/68dc7dc774981.jpg,"INGREDIENTES: Leche entera pasteurizada, proteínas lácteas, almidón modificado de maíz, gelatina, lactasa, zinc, cultivos lácticos, cultivo probiótico (L. rhamnosus CRL 1505), vitaminas B12, A, D y ácido fólico.",01-10-2025,Rótulo,Galletitas Crackers Mix de Semillas Shiva,Porción: 30 g (4 galletitas),Sodio,89,mg,4.0,89.0,modal_html,1,Sodio [mg]
Galletitas Dulces con Avena y Pasas Frutigran,Galletitas dulces con avena y pasas,https://www.nutrinfo.com/imagenes/vademecum/16181/6862b6ffbe786.jpg,"INGREDIENTES: harina de trigo enriquecida Ley Nº 25.630, aceite de girasol de alto oleico, pasas de uva, avena arrollada, azúcar, almidon de maíz, harina integral, fibra soluble, jarabe de maíz, sal, emulsionante (monoglicéridos de ácidos grasos), regulador de la acidez (bicarbonato de sodio), saborizante natural vainilla, aromatizantes naturales melaza y manteca, leudante químico (bicarbonato de amonio), antioxidante (tocoferoles).",30-06-2025,Página web empresa oficial,Galletitas Dulces con Avena y Pasas Frutigran,Porción: 30 g (2 galletitas),Valor energético,131,kcal,7.0,131.0,modal_html,2,Valor energético [kcal]
Galletitas Dulces con Avena y Pasas Frutigran,Galletitas dulces con avena y pasas,https://www.nutrinfo.com/imagenes/vademecum/16181/6862b6ffbe786.jpg,"INGREDIENTES: harina de trigo enriquecida Ley Nº 25.630, aceite de girasol de alto oleico, pasas de uva, avena arrollada, azúcar, almidon de maíz, harina integral, fibra soluble, jarabe de maíz, sal, emulsionante (monoglicéridos de ácidos grasos), regulador de la acidez (bicarbonato de sodio), saborizante natural vainilla, aromatizantes naturales melaza y manteca, leudante químico (bicarbonato de amonio), antioxidante (tocoferoles).",30-06-2025,Página web empresa oficial,Galletitas Dulces con Avena y Pasas Frutigran,Porción: 30 g (2 galletitas),Carbohidratos,21,g,7.0,21.0,modal_html,2,Carbohidratos [g]
Galletitas Dulces con Avena y Pasas Frutigran,Galletitas dulces con avena y pasas,https://www.nutrinfo.com/imagenes/vademecum/16181/6862b6ffbe786.jpg,"INGREDIENTES: harina de trigo enriquecida Ley Nº 25.630, aceite de girasol de alto oleico, pasas de uva, avena arrollada, azúcar, almidon de maíz, harina integral, fibra soluble, jarabe de maíz, sal, emulsionante (monoglicéridos de ácidos grasos), regulador de la acidez (bicarbonato de sodio), saborizante natural vainilla, aromatizantes naturales melaza y manteca, leudante químico (bicarbonato de amonio), antioxidante (tocoferoles).",30-06-2025,Página web empresa oficial,Galletitas Dulces con Avena y Pasas Frutigran,Porción: 30 g (2 galletitas),Proteínas,5.1,g,7.0,5.1,modal_html,2,Proteínas [g]
Galletitas Dulces con Avena y Pasas Frutigran,Galletitas dulces con avena y pasas,https://www.nutrinfo.com/imagenes/vademecum/16181/6862b6ffbe786.jpg,"INGREDIENTES: harina de trigo enriquecida Ley Nº 25.630, aceite de girasol de alto oleico, pasas de uva, avena arrollada, azúcar, almidon de maíz, harina integral, fibra soluble, jarabe de maíz, sal, emulsionante (monoglicéridos de ácidos grasos), regulador de la acidez (bicarbonato de sodio), saborizante natural vainilla, aromatizantes naturales melaza y manteca, leudante químico (bicarbonato de amonio), antioxidante (tocoferoles).",30-06-2025,Página web empresa oficial,Galletitas Dulces con Avena y Pasas Frutigran,Porción: 30 g (2 galletitas),Grasas saturadas,0.5,g,2.0,0.5,modal_html,2,Grasas saturadas [g]
Galletitas Dulces con Avena y Pasas Frutigran,Galletitas dulces con avena y pasas,https://www.nutrinfo.com/imagenes/vademecum/16181/6862b6ffbe786.jpg,"INGREDIENTES: harina de trigo enriquecida Ley Nº 25.630, aceite de girasol de alto oleico, pasas de uva, avena arrollada, azúcar, almidon de maíz, harina integral, fibra soluble, jarabe de maíz, sal, emulsionante (monoglicéridos de ácidos grasos), regulador de la acidez (bicarbonato de sodio), saborizante natural vainilla, aromatizantes naturales melaza y manteca, leudante químico (bicarbonato de amonio), antioxidante (tocoferoles).",30-06-2025,Página web empresa oficial,Galletitas Dulces con Avena y Pasas Frutigran,Porción: 30 g (2 galletitas),Grasas monoinsaturadas,3.3,g,,3.3,modal_html,2,Grasas monoinsaturadas [g]
Galletitas Dulces con Avena y Pasas Frutigran,Galletitas dulces con avena y pasas,https://www.nutrinfo.com/imagenes/vademecum/16181/6862b6ffbe786.jpg,"INGREDIENTES: harina de trigo enriquecida Ley Nº 25.630, aceite de girasol de alto oleico, pasas de uva, avena arrollada, azúcar, almidon de maíz, harina integral, fibra soluble, jarabe de maíz, sal, emulsionante (monoglicéridos de ácidos grasos), regulador de la acidez (bicarbonato de sodio), saborizante natural vainilla, aromatizantes naturales melaza y manteca, leudante químico (bicarbonato de amonio), antioxidante (tocoferoles).",30-06-2025,Página web empresa oficial,Galletitas Dulces con Avena y Pasas Frutigran,Porción: 30 g (2 galletitas),Grasas poliinsaturadas,0.4,g,,0.4,modal_html,2,Grasas poliinsaturadas [g]
Galletitas Dulces con Avena y Pasas Frutigran,Galletitas dulces con avena y pasas,https://www.nutrinfo.com/imagenes/vademecum/16181/6862b6ffbe786.jpg,"INGREDIENTES: harina de trigo enriquecida Ley Nº 25.630, aceite de girasol de alto oleico, pasas de uva, avena arrollada, azúcar, almidon de maíz, harina integral, fibra soluble, jarabe de maíz, sal, emulsionante (monoglicéridos de ácidos grasos), regulador de la acidez (bicarbonato de sodio), saborizante natural vainilla, aromatizantes naturales melaza y manteca, leudante químico (bicarbonato de amonio), antioxidante (tocoferoles).",30-06-2025,Página web empresa oficial,Galletitas Dulces con Avena y Pasas Frutigran,Porción: 30 g (2 galletitas),Grasas trans,0,g,,0.0,modal_html,2,Grasas trans [g]
Galletitas Dulces con Avena y Pasas Frutigran,Galletitas dulces con avena y pasas,https://www.nutrinfo.com/imagenes/vademecum/16181/6862b6ffbe786.jpg,"INGREDIENTES: harina de trigo enriquecida Ley Nº 25.630, aceite de girasol de alto oleico, pasas de uva, avena arrollada, azúcar, almidon de maíz, harina integral, fibra soluble, jarabe de maíz, sal, emulsionante (monoglicéridos de ácidos grasos), regulador de la acidez (bicarbonato de sodio), saborizante natural vainilla, aromatizantes naturales melaza y manteca, leudante químico (bicarbonato de amonio), antioxidante (tocoferoles).",30-06-2025,Página web empresa oficial,Galletitas Dulces con Avena y Pasas Frutigran,Porción: 30 g (2 galletitas),Fibra,1.2,g,5.0,1.2,modal_html,2,Fibra [g]
Galletitas Dulces con Avena y Pasas Frutigran,Galletitas dulces con avena y pasas,https://www.nutrinfo.com/imagenes/vademecum/16181/6862b6ffbe786.jpg,"INGREDIENTES: harina de trigo enriquecida Ley Nº 25.630, aceite de girasol de alto oleico, pasas de uva, avena arrollada, azúcar, almidon de maíz, harina integral, fibra soluble, jarabe de maíz, sal, emulsionante (monoglicéridos de ácidos grasos), regulador de la acidez (bicarbonato de sodio), saborizante natural vainilla, aromatizantes naturales melaza y manteca, leudante químico (bicarbonato de amonio), antioxidante (tocoferoles).",30-06-2025,Página web empresa oficial,Galletitas Dulces con Avena y Pasas Frutigran,Porción: 30 g (2 galletitas),Sodio,81,mg,3.0,81.0,modal_html,2,Sodio [mg]
Galletitas Dulces con Avena y Pasas Frutigran,Galletitas dulces con avena y pasas de uva.,https://www.nutrinfo.com/imagenes/vademecum/11657/6862b56d51227.jpg,"INGREDIENTES: harina de trigo enriquecida Ley Nº 25.630, aceite de girasol de alto oleico, pasas de uva, avena arrollada, azúcar, almidon de maíz, harina integral, fibra soluble, jarabe de maíz, sal, emulsionante (monoglicéridos de ácidos grasos), regulador de la acidez (bicarbonato de sodio), saborizante natural vainilla, aromatizantes naturales melaza y manteca, leudante químico (bicarbonato de amonio), antioxidante (tocoferoles).",30-06-2025,Empresa,Galletitas Dulces con Avena y Pasas Frutigran,Porción: 39 g (3 galletitas),Valor energético,169,kcal,8.0,169.0,modal_html,3,Valor energético [kcal]
Galletitas Dulces con Avena y Pasas Frutigran,Galletitas dulces con avena y pasas de uva.,https://www.nutrinfo.com/imagenes/vademecum/11657/6862b56d51227.jpg,"INGREDIENTES: harina de trigo enriquecida Ley Nº 25.630, aceite de girasol de alto oleico, pasas de uva, avena arrollada, azúcar, almidon de maíz, harina integral, fibra soluble, jarabe de maíz, sal, emulsionante (monoglicéridos de ácidos grasos), regulador de la acidez (bicarbonato de sodio), saborizante natural vainilla, aromatizantes naturales melaza y manteca, leudante químico (bicarbonato de amonio), antioxidante (tocoferoles).",30-06-2025,Empresa,Galletitas Dulces con Avena y Pasas Frutigran,Porción: 39 g (3 galletitas),Carbohidratos,27,g,9.0,27.0,modal_html,3,Carbohidratos [g]
Galletitas Dulces con Avena y Pasas Frutigran,Galletitas dulces con avena y pasas de uva.,https://www.nutrinfo.com/imagenes/vademecum/11657/6862b56d51227.jpg,"INGREDIENTES: harina de trigo enriquecida Ley Nº 25.630, aceite de girasol de alto oleico, pasas de uva, avena arrollada, azúcar, almidon de maíz, harina integral, fibra soluble, jarabe de maíz, sal, emulsionante (monoglicéridos de ácidos grasos), regulador de la acidez (bicarbonato de sodio), saborizante natural vainilla, aromatizantes naturales melaza y manteca, leudante químico (bicarbonato de amonio), antioxidante (tocoferoles).",30-06-2025,Empresa,Galletitas Dulces con Avena y Pasas Frutigran,Porción: 39 g (3 galletitas),Proteínas,2.9,g,4.0,2.9,modal_html,3,Proteínas [g]
Galletitas Dulces con Avena y Pasas Frutigran,Galletitas dulces con avena y pasas de uva.,https://www.nutrinfo.com/imagenes/vademecum/11657/6862b56d51227.jpg,"INGREDIENTES: harina de trigo enriquecida Ley Nº 25.630, aceite de girasol de alto oleico, pasas de uva, avena arrollada, azúcar, almidon de maíz, harina integral, fibra soluble, jarabe de maíz, sal, emulsionante (monoglicéridos de ácidos grasos), regulador de la acidez (bicarbonato de sodio), saborizante natural vainilla, aromatizantes naturales melaza y manteca, leudante químico (bicarbonato de amonio), antioxidante (tocoferoles).",30-06-2025,Empresa,Galletitas Dulces con Avena y Pasas Frutigran,Porción: 39 g (3 galletitas),Grasas saturadas,0.6,g,3.0,0.6,modal_html,3,Grasas saturadas [g]
Galletitas Dulces con Avena y Pasas Frutigran,Galletitas dulces con avena y pasas de uva.,https://www.nutrinfo.com/imagenes/vademecum/11657/6862b56d51227.jpg,"INGREDIENTES: harina de trigo enriquecida Ley Nº 25.630, aceite de girasol de alto oleico, pasas de uva, avena arrollada, azúcar, almidon de maíz, harina integral, fibra soluble, jarabe de maíz, sal, emulsionante (monoglicéridos de ácidos grasos), regulador de la acidez (bicarbonato de sodio), saborizante natural vainilla, aromatizantes naturales melaza y manteca, leudante químico (bicarbonato de amonio), antioxidante (tocoferoles).",30-06-2025,Empresa,Galletitas Dulces con Avena y Pasas Frutigran,Porción: 39 g (3 galletitas),Grasas monoinsaturadas,4.3,g,,4.3,modal_html,3,Grasas monoinsaturadas [g]
Galletitas Dulces con Avena y Pasas Frutigran,Galletitas dulces con avena y pasas de uva.,https://www.nutrinfo.com/imagenes/vademecum/11657/6862b56d51227.jpg,"INGREDIENTES: harina de trigo enriquecida Ley Nº 25.630, aceite de girasol de alto oleico, pasas de uva, avena arrollada, azúcar, almidon de maíz, harina integral, fibra soluble, jarabe de maíz, sal, emulsionante (monoglicéridos de ácidos grasos), regulador de la acidez (bicarbonato de sodio), saborizante natural vainilla, aromatizantes naturales melaza y manteca, leudante químico (bicarbonato de amonio), antioxidante (tocoferoles).",30-06-2025,Empresa,Galletitas Dulces con Avena y Pasas Frutigran,Porción: 39 g (3 galletitas),Grasas poliinsaturadas,0.5,g,,0.5,modal_html,3,Grasas poliinsaturadas [g]
Galletitas Dulces con Avena y Pasas Frutigran,Galletitas dulces con avena y pasas de uva.,https://www.nutrinfo.com/imagenes/vademecum/11657/6862b56d51227.jpg,"INGREDIENTES: harina de trigo enriquecida Ley Nº 25.630, aceite de girasol de alto oleico, pasas de uva, avena arrollada, azúcar, almidon de maíz, harina integral, fibra soluble, jarabe de maíz, sal, emulsionante (monoglicéridos de ácidos grasos), regulador de la acidez (bicarbonato de sodio), saborizante natural vainilla, aromatizantes naturales melaza y manteca, leudante químico (bicarbonato de amonio), antioxidante (tocoferoles).",30-06-2025,Empresa,Galletitas Dulces con Avena y Pasas Frutigran,Porción: 39 g (3 galletitas),Grasas trans,0,g,,0.0,modal_html,3,Grasas trans [g]
Galletitas Dulces con Avena y Pasas Frutigran,Galletitas dulces con avena y pasas de uva.,https://www.nutrinfo.com/imagenes/vademecum/11657/6862b56d51227.jpg,"INGREDIENTES: harina de trigo enriquecida Ley Nº 25.630, aceite de girasol de alto oleico, pasas de uva, avena arrollada, azúcar, almidon de maíz, harina integral, fibra soluble, jarabe de maíz, sal, emulsionante (monoglicéridos de ácidos grasos), regulador de la acidez (bicarbonato de sodio), saborizante natural vainilla, aromatizantes naturales melaza y manteca, leudante químico (bicarbonato de amonio), antioxidante (tocoferoles).",30-06-2025,Empresa,Galletitas Dulces con Avena y Pasas Frutigran,Porción: 39 g (3 galletitas),Colesterol,0,mg,,0.0,modal_html,3,Colesterol [mg]
Galletitas Dulces con Avena y Pasas Frutigran,Galletitas dulces con avena y pasas de uva.,https://www.nutrinfo.com/imagenes/vademecum/11657/6862b56d51227.jpg,"INGREDIENTES: harina de trigo enriquecida Ley Nº 25.630, aceite de girasol de alto oleico, pasas de uva, avena arrollada, azúcar, almidon de maíz, harina integral, fibra soluble, jarabe de maíz, sal, emulsionante (monoglicéridos de ácidos grasos), regulador de la acidez (bicarbonato de sodio), saborizante natural vainilla, aromatizantes naturales melaza y manteca, leudante químico (bicarbonato de amonio), antioxidante (tocoferoles).",30-06-2025,Empresa,Galletitas Dulces con Avena y Pasas Frutigran,Porción: 39 g (3 galletitas),Fibra,1.6,g,6.0,1.6,modal_html,3,Fibra [g]
Galletitas Dulces con Avena y Pasas Frutigran,Galletitas dulces con avena y pasas de uva.,https://www.nutrinfo.com/imagenes/vademecum/11657/6862b56d51227.jpg,"INGREDIENTES: harina de trigo enriquecida Ley Nº 25.630, aceite de girasol de alto oleico, pasas de uva, avena arrollada, azúcar, almidon de maíz, harina integral, fibra soluble, jarabe de maíz, sal, emulsionante (monoglicéridos de ácidos grasos), regulador de la acidez (bicarbonato de sodio), saborizante natural vainilla, aromatizantes naturales melaza y manteca, leudante químico (bicarbonato de amonio), antioxidante (tocoferoles).",30-06-2025,Empresa,Galletitas Dulces con Avena y Pasas Frutigran,Porción: 39 g (3 galletitas),Sodio,105,mg,4.0,105.0,modal_html,3,Sodio [mg]
Galletitas con Avena y Pasas Granolitas,"Galletitas dulces con harina integral, pasas de uva y avena. 13% mayeria grasa",https://www.nutrinfo.com/imagenes/vademecum/16180/6862b0ef98deb.jpg,"INGREDIENTES: harina integral, harina de trigo enriquecida Ley N° 25.630 (hierro: mg/kg, niacina: 13 mg/kg, vitamina B1: 6,3 mg/kg, acido folico: 2,2 mg/kg, vitamina B2: 1,3 mg/kg), pasas de uva, avena arrollada, aceite de girasol de alto oleico, azucar, almidon de maiz, crispines de arroz, copos de maiz, fibra soluble, almidon modificado, sal, emulsionante (monogliceridos de acidos grasos), regulador de la acidez (bicarbonato de sodio), leudante quimico (bicarbonato de amonio), aromatizantes naturales vainilla, melaza y manteca, antioxidante (tocoferoles).",30-06-2025,Rótulo,Galletitas con Avena y Pasas Granolitas,Porción: 30 g (6 galletitas),Valor energético,129,kcal,6.0,129.0,modal_html,4,Valor energético [kcal]
Galletitas con Avena y Pasas Granolitas,"Galletitas dulces con harina integral, pasas de uva y avena. 13% mayeria grasa",https://www.nutrinfo.com/imagenes/vademecum/16180/6862b0ef98deb.jpg,"INGREDIENTES: harina integral, harina de trigo enriquecida Ley N° 25.630 (hierro: mg/kg, niacina: 13 mg/kg, vitamina B1: 6,3 mg/kg, acido folico: 2,2 mg/kg, vitamina B2: 1,3 mg/kg), pasas de uva, avena arrollada, aceite de girasol de alto oleico, azucar, almidon de maiz, crispines de arroz, copos de maiz, fibra soluble, almidon modificado, sal, emulsionante (monogliceridos de acidos grasos), regulador de la acidez (bicarbonato de sodio), leudante quimico (bicarbonato de amonio), aromatizantes naturales vainilla, melaza y manteca, antioxidante (tocoferoles).",30-06-2025,Rótulo,Galletitas con Avena y Pasas Granolitas,Porción: 30 g (6 galletitas),Azúcares,4.5,g,,4.5,modal_html,4,Azúcares [g]
Galletitas con Avena y Pasas Granolitas,"Galletitas dulces con harina integral, pasas de uva y avena. 13% mayeria grasa",https://www.nutrinfo.com/imagenes/vademecum/16180/6862b0ef98deb.jpg,"INGREDIENTES: harina integral, harina de trigo enriquecida Ley N° 25.630 (hierro: mg/kg, niacina: 13 mg/kg, vitamina B1: 6,3 mg/kg, acido folico: 2,2 mg/kg, vitamina B2: 1,3 mg/kg), pasas de uva, avena arrollada, aceite de girasol de alto oleico, azucar, almidon de maiz, crispines de arroz, copos de maiz, fibra soluble, almidon modificado, sal, emulsionante (monogliceridos de acidos grasos), regulador de la acidez (bicarbonato de sodio), leudante quimico (bicarbonato de amonio), aromatizantes naturales vainilla, melaza y manteca, antioxidante (tocoferoles).",30-06-2025,Rótulo,Galletitas con Avena y Pasas Granolitas,Porción: 30 g (6 galletitas),Proteínas,2.2,g,3.0,2.2,modal_html,4,Proteínas [g]
Galletitas con Avena y Pasas Granolitas,"Galletitas dulces con harina integral, pasas de uva y avena. 13% mayeria grasa",https://www.nutrinfo.com/imagenes/vademecum/16180/6862b0ef98deb.jpg,"INGREDIENTES: harina integral, harina de trigo enriquecida Ley N° 25.630 (hierro: mg/kg, niacina: 13 mg/kg, vitamina B1: 6,3 mg/kg, acido folico: 2,2 mg/kg, vitamina B2: 1,3 mg/kg), pasas de uva, avena arrollada, aceite de girasol de alto oleico, azucar, almidon de maiz, crispines de arroz, copos de maiz, fibra soluble, almidon modificado, sal, emulsionante (monogliceridos de acidos grasos), regulador de la acidez (bicarbonato de sodio), leudante quimico (bicarbonato de amonio), aromatizantes naturales vainilla, melaza y manteca, antioxidante (tocoferoles).",30-06-2025,Rótulo,Galletitas con Avena y Pasas Granolitas,Porción: 30 g (6 galletitas),Grasas saturadas,0.4,g,2.0,0.4,modal_html,4,Grasas saturadas [g]
Galletitas con Avena y Pasas Granolitas,"Galletitas dulces con harina integral, pasas de uva y avena. 13% mayeria grasa",https://www.nutrinfo.com/imagenes/vademecum/16180/6862b0ef98deb.jpg,"INGREDIENTES: harina integral, harina de trigo enriquecida Ley N° 25.630 (hierro: mg/kg, niacina: 13 mg/kg, vitamina B1: 6,3 mg/kg, acido folico: 2,2 mg/kg, vitamina B2: 1,3 mg/kg), pasas de uva, avena arrollada, aceite de girasol de alto oleico, azucar, almidon de maiz, crispines de arroz, copos de maiz, fibra soluble, almidon modificado, sal, emulsionante (monogliceridos de acidos grasos), regulador de la acidez (bicarbonato de sodio), leudante quimico (bicarbonato de amonio), aromatizantes naturales vainilla, melaza y manteca, antioxidante (tocoferoles).",30-06-2025,Rótulo,Galletitas con Avena y Pasas Granolitas,Porción: 30 g (6 galletitas),Grasas trans,0,g,,0.0,modal_html,4,Grasas trans [g]
Galletitas con Avena y Pasas Granolitas,"Galletitas dulces con harina integral, pasas de uva y avena. 13% mayeria grasa",https://www.nutrinfo.com/imagenes/vademecum/16180/6862b0ef98deb.jpg,"INGREDIENTES: harina integral, harina de trigo enriquecida Ley N° 25.630 (hierro: mg/kg, niacina: 13 mg/kg, vitamina B1: 6,3 mg/kg, acido folico: 2,2 mg/kg, vitamina B2: 1,3 mg/kg), pasas de uva, avena arrollada, aceite de girasol de alto oleico, azucar, almidon de maiz, crispines de arroz, copos de maiz, fibra soluble, almidon modificado, sal, emulsionante (monogliceridos de acidos grasos), regulador de la acidez (bicarbonato de sodio), leudante quimico (bicarbonato de amonio), aromatizantes naturales vainilla, melaza y manteca, antioxidante (tocoferoles).",30-06-2025,Rótulo,Galletitas con Avena y Pasas Granolitas,Porción: 30 g (6 galletitas),Fibra,1.3,g,5.0,1.3,modal_html,4,Fibra [g]
Galletitas con Avena y Pasas Granolitas,"Galletitas dulces con harina integral, pasas de uva y avena. 13% mayeria grasa",https://www.nutrinfo.com/imagenes/vademecum/16180/6862b0ef98deb.jpg,"INGREDIENTES: harina integral, harina de trigo enriquecida Ley N° 25.630 (hierro: mg/kg, niacina: 13 mg/kg, vitamina B1: 6,3 mg/kg, acido folico: 2,2 mg/kg, vitamina B2: 1,3 mg/kg), pasas de uva, avena arrollada, aceite de girasol de alto oleico, azucar, almidon de maiz, crispines de arroz, copos de maiz, fibra soluble, almidon modificado, sal, emulsionante (monogliceridos de acidos grasos), regulador de la acidez (bicarbonato de sodio), leudante quimico (bicarbonato de amonio), aromatizantes naturales vainilla, melaza y manteca, antioxidante (tocoferoles).",30-06-2025,Rótulo,Galletitas con Avena y Pasas Granolitas,Porción: 30 g (6 galletitas),Sodio,87,mg,4.0,87.0,modal_html,4,Sodio [mg]
Galletitas Crackers con KesitasTraviata,Galletitas snack,https://www.nutrinfo.com/imagenes/vademecum/16105/67f45625ae570.jpg,"INGREDIENTES: Harina de trigo enriquecida, aceite de girasol alto oleico, almidón, azúcar, sal, jarabe de glucosa, levadura, emulsionantes: mono y digliceridos de acidos grasos, esteres de acidos grasos con propilenglicol, sales de acidos grasos con potasio, lecitna de soja, antioxidante: BHT, aromatizante artificial: aroma queso.",08-04-2025,Rótulo,Galletitas Crackers con KesitasTraviata,Porción: 30 g (12 galletitas),Valor energético,141,kcal,7.0,141.0,modal_html,8,Valor energético [kcal]
Galletitas Crackers con KesitasTraviata,Galletitas snack,https://www.nutrinfo.com/imagenes/vademecum/16105/67f45625ae570.jpg,"INGREDIENTES: Harina de trigo enriquecida, aceite de girasol alto oleico, almidón, azúcar, sal, jarabe de glucosa, levadura, emulsionantes: mono y digliceridos de acidos grasos, esteres de acidos grasos con propilenglicol, sales de acidos grasos con potasio, lecitna de soja, antioxidante: BHT, aromatizante artificial: aroma queso.",08-04-2025,Rótulo,Galletitas Crackers con KesitasTraviata,Porción: 30 g (12 galletitas),Azúcares,1,g,,1.0,modal_html,8,Azúcares [g]
Galletitas Crackers con KesitasTraviata,Galletitas snack,https://www.nutrinfo.com/imagenes/vademecum/16105/67f45625ae570.jpg,"INGREDIENTES: Harina de trigo enriquecida, aceite de girasol alto oleico, almidón, azúcar, sal, jarabe de glucosa, levadura, emulsionantes: mono y digliceridos de acidos grasos, esteres de acidos grasos con propilenglicol, sales de acidos grasos con potasio, lecitna de soja, antioxidante: BHT, aromatizante artificial: aroma queso.",08-04-2025,Rótulo,Galletitas Crackers con KesitasTraviata,Porción: 30 g (12 galletitas),Proteínas,2.8,g,4.0,2.8,modal_html,8,Proteínas [g]
Galletitas Crackers con KesitasTraviata,Galletitas snack,https://www.nutrinfo.com/imagenes/vademecum/16105/67f45625ae570.jpg,"INGREDIENTES: Harina de trigo enriquecida, aceite de girasol alto oleico, almidón, azúcar, sal, jarabe de glucosa, levadura, emulsionantes: mono y digliceridos de acidos grasos, esteres de acidos grasos con propilenglicol, sales de acidos grasos con potasio, lecitna de soja, antioxidante: BHT, aromatizante artificial: aroma queso.",08-04-2025,Rótulo,Galletitas Crackers con KesitasTraviata,Porción: 30 g (12 galletitas),Grasas saturadas,0.6,g,3.0,0.6,modal_html,8,Grasas saturadas [g]
Galletitas Crackers con KesitasTraviata,Galletitas snack,https://www.nutrinfo.com/imagenes/vademecum/16105/67f45625ae570.jpg,"INGREDIENTES: Harina de trigo enriquecida, aceite de girasol alto oleico, almidón, azúcar, sal, jarabe de glucosa, levadura, emulsionantes: mono y digliceridos de acidos grasos, esteres de acidos grasos con propilenglicol, sales de acidos grasos con potasio, lecitna de soja, antioxidante: BHT, aromatizante artificial: aroma queso.",08-04-2025,Rótulo,Galletitas Crackers con KesitasTraviata,Porción: 30 g (12 galletitas),Grasas monoinsaturadas,4.6,g,,4.6,modal_html,8,Grasas monoinsaturadas [g]
Galletitas Crackers con KesitasTraviata,Galletitas snack,https://www.nutrinfo.com/imagenes/vademecum/16105/67f45625ae570.jpg,"INGREDIENTES: Harina de trigo enriquecida, aceite de girasol alto oleico, almidón, azúcar, sal, jarabe de glucosa, levadura, emulsionantes: mono y digliceridos de acidos grasos, esteres de acidos grasos con propilenglicol, sales de acidos grasos con potasio, lecitna de soja, antioxidante: BHT, aromatizante artificial: aroma queso.",08-04-2025,Rótulo,Galletitas Crackers con KesitasTraviata,Porción: 30 g (12 galletitas),Grasas poliinsaturadas,0.5,g,,0.5,modal_html,8,Grasas poliinsaturadas [g]
Galletitas Crackers con KesitasTraviata,Galletitas snack,https://www.nutrinfo.com/imagenes/vademecum/16105/67f45625ae570.jpg,"INGREDIENTES: Harina de trigo enriquecida, aceite de girasol alto oleico, almidón, azúcar, sal, jarabe de glucosa, levadura, emulsionantes: mono y digliceridos de acidos grasos, esteres de acidos grasos con propilenglicol, sales de acidos grasos con potasio, lecitna de soja, antioxidante: BHT, aromatizante artificial: aroma queso.",08-04-2025,Rótulo,Galletitas Crackers con KesitasTraviata,Porción: 30 g (12 galletitas),Grasas trans,0,g,,0.0,modal_html,8,Grasas trans [g]
Galletitas Crackers con KesitasTraviata,Galletitas snack,https://www.nutrinfo.com/imagenes/vademecum/16105/67f45625ae570.jpg,"INGREDIENTES: Harina de trigo enriquecida, aceite de girasol alto oleico, almidón, azúcar, sal, jarabe de glucosa, levadura, emulsionantes: mono y digliceridos de acidos grasos, esteres de acidos grasos con propilenglicol, sales de acidos grasos con potasio, lecitna de soja, antioxidante: BHT, aromatizante artificial: aroma queso.",08-04-2025,Rótulo,Galletitas Crackers con KesitasTraviata,Porción: 30 g (12 galletitas),Fibra,0.6,g,2.0,0.6,modal_html,8,Fibra [g]
Galletitas Crackers con KesitasTraviata,Galletitas snack,https://www.nutrinfo.com/imagenes/vademecum/16105/67f45625ae570.jpg,"INGREDIENTES: Harina de trigo enriquecida, aceite de girasol alto oleico, almidón, azúcar, sal, jarabe de glucosa, levadura, emulsionantes: mono y digliceridos de acidos grasos, esteres de acidos grasos con propilenglicol, sales de acidos grasos con potasio, lecitna de soja, antioxidante: BHT, aromatizante artificial: aroma queso.",08-04-2025,Rótulo,Galletitas Crackers con KesitasTraviata,Porción: 30 g (12 galletitas),Sodio,229,mg,10.0,229.0,modal_html,8,Sodio [mg]
Galletitas Crackers Orgánicas con Lino y Chia Grun,"Galletitas a base de harina integral de trigo, harina de trigo 000, aceite de girasol.",https://www.nutrinfo.com/imagenes/vademecum/14758/67f3db9c57611.jpg,"INGREDIENTES: Harina integral de trigo orgánica, harina 000 orgánica, agua, aceite de girasol orgánico, semilla de lino orgánica, semilla de chia orgánica, sal, levadura en polvo. Antioxidante: tocoferol",07-04-2025,Rótulo,Galletitas Crackers Orgánicas con Lino y Chia Grun,Porción: 30 g (3 unidades),Valor energético,104,kcal,5.0,104.0,modal_html,9,Valor energético [kcal]
Galletitas Crackers Orgánicas con Lino y Chia Grun,"Galletitas a base de harina integral de trigo, harina de trigo 000, aceite de girasol.",https://www.nutrinfo.com/imagenes/vademecum/14758/67f3db9c57611.jpg,"INGREDIENTES: Harina integral de trigo orgánica, harina 000 orgánica, agua, aceite de girasol orgánico, semilla de lino orgánica, semilla de chia orgánica, sal, levadura en polvo. Antioxidante: tocoferol",07-04-2025,Rótulo,Galletitas Crackers Orgánicas con Lino y Chia Grun,Porción: 30 g (3 unidades),Carbohidratos,12,g,4.0,12.0,modal_html,9,Carbohidratos [g]
Galletitas Crackers Orgánicas con Lino y Chia Grun,"Galletitas a base de harina integral de trigo, harina de trigo 000, aceite de girasol.",https://www.nutrinfo.com/imagenes/vademecum/14758/67f3db9c57611.jpg,"INGREDIENTES: Harina integral de trigo orgánica, harina 000 orgánica, agua, aceite de girasol orgánico, semilla de lino orgánica, semilla de chia orgánica, sal, levadura en polvo. Antioxidante: tocoferol",07-04-2025,Rótulo,Galletitas Crackers Orgánicas con Lino y Chia Grun,Porción: 30 g (3 unidades),Proteínas,2.6,g,3.0,2.6,modal_html,9,Proteínas [g]
Galletitas Crackers Orgánicas con Lino y Chia Grun,"Galletitas a base de harina integral de trigo, harina de trigo 000, aceite de girasol.",https://www.nutrinfo.com/imagenes/vademecum/14758/67f3db9c57611.jpg,"INGREDIENTES: Harina integral de trigo orgánica, harina 000 orgánica, agua, aceite de girasol orgánico, semilla de lino orgánica, semilla de chia orgánica, sal, levadura en polvo. Antioxidante: tocoferol",07-04-2025,Rótulo,Galletitas Crackers Orgánicas con Lino y Chia Grun,Porción: 30 g (3 unidades),Grasas saturadas,0.4,g,2.0,0.4,modal_html,9,Grasas saturadas [g]
Galletitas Crackers Orgánicas con Lino y Chia Grun,"Galletitas a base de harina integral de trigo, harina de trigo 000, aceite de girasol.",https://www.nutrinfo.com/imagenes/vademecum/14758/67f3db9c57611.jpg,"INGREDIENTES: Harina integral de trigo orgánica, harina 000 orgánica, agua, aceite de girasol orgánico, semilla de lino orgánica, semilla de chia orgánica, sal, levadura en polvo. Antioxidante: tocoferol",07-04-2025,Rótulo,Galletitas Crackers Orgánicas con Lino y Chia Grun,Porción: 30 g (3 unidades),Grasas trans,0,g,,0.0,modal_html,9,Grasas trans [g]
Galletitas Crackers Orgánicas con Lino y Chia Grun,"Galletitas a base de harina integral de trigo, harina de trigo 000, aceite de girasol.",https://www.nutrinfo.com/imagenes/vademecum/14758/67f3db9c57611.jpg,"INGREDIENTES: Harina integral de trigo orgánica, harina 000 orgánica, agua, aceite de girasol orgánico, semilla de lino orgánica, semilla de chia orgánica, sal, levadura en polvo. Antioxidante: tocoferol",07-04-2025,Rótulo,Galletitas Crackers Orgánicas con Lino y Chia Grun,Porción: 30 g (3 unidades),Fibra,2.2,g,9.0,2.2,modal_html,9,Fibra [g]
Galletitas Crackers Orgánicas con Lino y Chia Grun,"Galletitas a base de harina integral de trigo, harina de trigo 000, aceite de girasol.",https://www.nutrinfo.com/imagenes/vademecum/14758/67f3db9c57611.jpg,"INGREDIENTES: Harina integral de trigo orgánica, harina 000 orgánica, agua, aceite de girasol orgánico, semilla de lino orgánica, semilla de chia orgánica, sal, levadura en polvo. Antioxidante: tocoferol",07-04-2025,Rótulo,Galletitas Crackers Orgánicas con Lino y Chia Grun,Porción: 30 g (3 unidades),Sodio,196,mg,8.0,196.0,modal_html,9,Sodio [mg]
Galletas de Arroz Mix de Legumbres Rodez,"Galletas de arroz con garbanzos, arvejas, porotos rojos y porotos negros. Libre de gluten",https://www.nutrinfo.com/imagenes/vademecum/16103/67f3da6a6a1a5.jpg,"INGREDIENTES: Arroz integral yamani, garbanzos, arvejas, porotos rojos, porotos negros, sal",07-04-2025,Rótulo,Galletas de Arroz Mix de Legumbres Rodez,Porción: 25 g (6 unidades),Valor energético,90,kcal,5.0,90.0,modal_html,10,Valor energético [kcal]
Galletas de Arroz Mix de Legumbres Rodez,"Galletas de arroz con garbanzos, arvejas, porotos rojos y porotos negros. Libre de gluten",https://www.nutrinfo.com/imagenes/vademecum/16103/67f3da6a6a1a5.jpg,"INGREDIENTES: Arroz integral yamani, garbanzos, arvejas, porotos rojos, porotos negros, sal",07-04-2025,Rótulo,Galletas de Arroz Mix de Legumbres Rodez,Porción: 25 g (6 unidades),Carbohidratos,18,g,6.0,18.0,modal_html,10,Carbohidratos [g]
Galletas de Arroz Mix de Legumbres Rodez,"Galletas de arroz con garbanzos, arvejas, porotos rojos y porotos negros. Libre de gluten",https://www.nutrinfo.com/imagenes/vademecum/16103/67f3da6a6a1a5.jpg,"INGREDIENTES: Arroz integral yamani, garbanzos, arvejas, porotos rojos, porotos negros, sal",07-04-2025,Rótulo,Galletas de Arroz Mix de Legumbres Rodez,Porción: 25 g (6 unidades),Proteínas,3,g,4.0,3.0,modal_html,10,Proteínas [g]
Galletas de Arroz Mix de Legumbres Rodez,"Galletas de arroz con garbanzos, arvejas, porotos rojos y porotos negros. Libre de gluten",https://www.nutrinfo.com/imagenes/vademecum/16103/67f3da6a6a1a5.jpg,"INGREDIENTES: Arroz integral yamani, garbanzos, arvejas, porotos rojos, porotos negros, sal",07-04-2025,Rótulo,Galletas de Arroz Mix de Legumbres Rodez,Porción: 25 g (6 unidades),Grasas saturadas,0.1,g,0.0,0.1,modal_html,10,Grasas saturadas [g]
Galletas de Arroz Mix de Legumbres Rodez,"Galletas de arroz con garbanzos, arvejas, porotos rojos y porotos negros. Libre de gluten",https://www.nutrinfo.com/imagenes/vademecum/16103/67f3da6a6a1a5.jpg,"INGREDIENTES: Arroz integral yamani, garbanzos, arvejas, porotos rojos, porotos negros, sal",07-04-2025,Rótulo,Galletas de Arroz Mix de Legumbres Rodez,Porción: 25 g (6 unidades),Grasas trans,0,g,,0.0,modal_html,10,Grasas trans [g]
Galletas de Arroz Mix de Legumbres Rodez,"Galletas de arroz con garbanzos, arvejas, porotos rojos y porotos negros. Libre de gluten",https://www.nutrinfo.com/imagenes/vademecum/16103/67f3da6a6a1a5.jpg,"INGREDIENTES: Arroz integral yamani, garbanzos, arvejas, porotos rojos, porotos negros, sal",07-04-2025,Rótulo,Galletas de Arroz Mix de Legumbres Rodez,Porción: 25 g (6 unidades),Fibra,2,g,8.0,2.0,modal_html,10,Fibra [g]
Galletas de Arroz Mix de Legumbres Rodez,"Galletas de arroz con garbanzos, arvejas, porotos rojos y porotos negros. Libre de gluten",https://www.nutrinfo.com/imagenes/vademecum/16103/67f3da6a6a1a5.jpg,"INGREDIENTES: Arroz integral yamani, garbanzos, arvejas, porotos rojos, porotos negros, sal",07-04-2025,Rótulo,Galletas de Arroz Mix de Legumbres Rodez,Porción: 25 g (6 unidades),Sodio,30,mg,1.0,30.0,modal_html,10,Sodio [mg]
Tostaditas de Arroz Crackines,Tostaditas de arroz con sal,https://www.nutrinfo.com/imagenes/vademecum/13480/5f6905106c3bc.jpg,"INGREDIENTES: Arroz molido, leche en polvo, azúcar, sal.",23-12-2024,Rótulo,Tostaditas de Arroz Crackines,Porción: 30 g (13 galletitas),Valor energético,114,kcal,6.0,114.0,modal_html,11,Valor energético [kcal]
Tostaditas de Arroz Crackines,Tostaditas de arroz con sal,https://www.nutrinfo.com/imagenes/vademecum/13480/5f6905106c3bc.jpg,"INGREDIENTES: Arroz molido, leche en polvo, azúcar, sal.",23-12-2024,Rótulo,Tostaditas de Arroz Crackines,Porción: 30 g (13 galletitas),Carbohidratos,25,g,8.0,25.0,modal_html,11,Carbohidratos [g]
Tostaditas de Arroz Crackines,Tostaditas de arroz con sal,https://www.nutrinfo.com/imagenes/vademecum/13480/5f6905106c3bc.jpg,"INGREDIENTES: Arroz molido, leche en polvo, azúcar, sal.",23-12-2024,Rótulo,Tostaditas de Arroz Crackines,Porción: 30 g (13 galletitas),Proteínas,2.3,g,3.0,2.3,modal_html,11,Proteínas [g]
Tostaditas de Arroz Crackines,Tostaditas de arroz con sal,https://www.nutrinfo.com/imagenes/vademecum/13480/5f6905106c3bc.jpg,"INGREDIENTES: Arroz molido, leche en polvo, azúcar, sal.",23-12-2024,Rótulo,Tostaditas de Arroz Crackines,Porción: 30 g (13 galletitas),Grasas saturadas,0.2,g,1.0,0.2,modal_html,11,Grasas saturadas [g]
Tostaditas de Arroz Crackines,Tostaditas de arroz con sal,https://www.nutrinfo.com/imagenes/vademecum/13480/5f6905106c3bc.jpg,"INGREDIENTES: Arroz molido, leche en polvo, azúcar, sal.",23-12-2024,Rótulo,Tostaditas de Arroz Crackines,Porción: 30 g (13 galletitas),Grasas trans,0,g,,0.0,modal_html,11,Grasas trans [g]
Tostaditas de Arroz Crackines,Tostaditas de arroz con sal,https://www.nutrinfo.com/imagenes/vademecum/13480/5f6905106c3bc.jpg,"INGREDIENTES: Arroz molido, leche en polvo, azúcar, sal.",23-12-2024,Rótulo,Tostaditas de Arroz Crackines,Porción: 30 g (13 galletitas),Fibra,0,g,0.0,0.0,modal_html,11,Fibra [g]
Tostaditas de Arroz Crackines,Tostaditas de arroz con sal,https://www.nutrinfo.com/imagenes/vademecum/13480/5f6905106c3bc.jpg,"INGREDIENTES: Arroz molido, leche en polvo, azúcar, sal.",23-12-2024,Rótulo,Tostaditas de Arroz Crackines,Porción: 30 g (13 galletitas),Sodio,203,mg,8.0,203.0,modal_html,11,Sodio [mg]
Galletitas de Limón Havanna,Galletitas dulces rellenas con sabor a limón,https://www.nutrinfo.com/imagenes/vademecum/13716/676705c36f1db.jpg,"INGREDIENTES: Harina de trigo enriquecida según Ley 25630, azúcar, aceite vegetal interesterificado, margarina, glucosa, huevo, almidón de maíz, leche descremada en polvo, miel, sal, RAI: (bicarbonato de sodio (INS 500ii), bicarbonato de amonio (INS 503ii), ACI: (ácido cítrico (INS 330)), ARO: (esencia natural de limón, esencia artificial de vainilla, vainillina).",21-12-2024,Rótulo,Galletitas de Limón Havanna,Porción: 25 g (1 unidad),Valor energético,113,kcal,6.0,113.0,modal_html,12,Valor energético [kcal]
Galletitas de Limón Havanna,Galletitas dulces rellenas con sabor a limón,https://www.nutrinfo.com/imagenes/vademecum/13716/676705c36f1db.jpg,"INGREDIENTES: Harina de trigo enriquecida según Ley 25630, azúcar, aceite vegetal interesterificado, margarina, glucosa, huevo, almidón de maíz, leche descremada en polvo, miel, sal, RAI: (bicarbonato de sodio (INS 500ii), bicarbonato de amonio (INS 503ii), ACI: (ácido cítrico (INS 330)), ARO: (esencia natural de limón, esencia artificial de vainilla, vainillina).",21-12-2024,Rótulo,Galletitas de Limón Havanna,Porción: 25 g (1 unidad),Azúcares,8,g,,8.0,modal_html,12,Azúcares [g]
Galletitas de Limón Havanna,Galletitas dulces rellenas con sabor a limón,https://www.nutrinfo.com/imagenes/vademecum/13716/676705c36f1db.jpg,"INGREDIENTES: Harina de trigo enriquecida según Ley 25630, azúcar, aceite vegetal interesterificado, margarina, glucosa, huevo, almidón de maíz, leche descremada en polvo, miel, sal, RAI: (bicarbonato de sodio (INS 500ii), bicarbonato de amonio (INS 503ii), ACI: (ácido cítrico (INS 330)), ARO: (esencia natural de limón, esencia artificial de vainilla, vainillina).",21-12-2024,Rótulo,Galletitas de Limón Havanna,Porción: 25 g (1 unidad),Proteínas,1.3,g,2.0,1.3,modal_html,12,Proteínas [g]
Galletitas de Limón Havanna,Galletitas dulces rellenas con sabor a limón,https://www.nutrinfo.com/imagenes/vademecum/13716/676705c36f1db.jpg,"INGREDIENTES: Harina de trigo enriquecida según Ley 25630, azúcar, aceite vegetal interesterificado, margarina, glucosa, huevo, almidón de maíz, leche descremada en polvo, miel, sal, RAI: (bicarbonato de sodio (INS 500ii), bicarbonato de amonio (INS 503ii), ACI: (ácido cítrico (INS 330)), ARO: (esencia natural de limón, esencia artificial de vainilla, vainillina).",21-12-2024,Rótulo,Galletitas de Limón Havanna,Porción: 25 g (1 unidad),Grasas saturadas,1.6,g,7.0,1.6,modal_html,12,Grasas saturadas [g]
Galletitas de Limón Havanna,Galletitas dulces rellenas con sabor a limón,https://www.nutrinfo.com/imagenes/vademecum/13716/676705c36f1db.jpg,"INGREDIENTES: Harina de trigo enriquecida según Ley 25630, azúcar, aceite vegetal interesterificado, margarina, glucosa, huevo, almidón de maíz, leche descremada en polvo, miel, sal, RAI: (bicarbonato de sodio (INS 500ii), bicarbonato de amonio (INS 503ii), ACI: (ácido cítrico (INS 330)), ARO: (esencia natural de limón, esencia artificial de vainilla, vainillina).",21-12-2024,Rótulo,Galletitas de Limón Havanna,Porción: 25 g (1 unidad),Grasas trans,0,g,,0.0,modal_html,12,Grasas trans [g]
Galletitas de Limón Havanna,Galletitas dulces rellenas con sabor a limón,https://www.nutrinfo.com/imagenes/vademecum/13716/676705c36f1db.jpg,"INGREDIENTES: Harina de trigo enriquecida según Ley 25630, azúcar, aceite vegetal interesterificado, margarina, glucosa, huevo, almidón de maíz, leche descremada en polvo, miel, sal, RAI: (bicarbonato de sodio (INS 500ii), bicarbonato de amonio (INS 503ii), ACI: (ácido cítrico (INS 330)), ARO: (esencia natural de limón, esencia artificial de vainilla, vainillina).",21-12-2024,Rótulo,Galletitas de Limón Havanna,Porción: 25 g (1 unidad),Fibra,0.1,g,0.0,0.1,modal_html,12,Fibra [g]
Galletitas de Limón Havanna,Galletitas dulces rellenas con sabor a limón,https://www.nutrinfo.com/imagenes/vademecum/13716/676705c36f1db.jpg,"INGREDIENTES: Harina de trigo enriquecida según Ley 25630, azúcar, aceite vegetal interesterificado, margarina, glucosa, huevo, almidón de maíz, leche descremada en polvo, miel, sal, RAI: (bicarbonato de sodio (INS 500ii), bicarbonato de amonio (INS 503ii), ACI: (ácido cítrico (INS 330)), ARO: (esencia natural de limón, esencia artificial de vainilla, vainillina).",21-12-2024,Rótulo,Galletitas de Limón Havanna,Porción: 25 g (1 unidad),Sodio,32,mg,1.0,32.0,modal_html,12,Sodio [mg]
Galletitas Crackers Salvado Granix,Galletitas con salvado. 12% materia grasa,https://www.nutrinfo.com/imagenes/vademecum/13250/6749226966b70.jpg,"INGREDIENTES: Harina de trigo enriquecida segun Ley 25630, salvado de trigo, aceite de girasol alto oleico, jarabe de maíz, harina de soja, levadura inactiva, sal, cloruro de potasio, levadura, aroma natural, regulador de acidez (bicarbonato de sodio), aromatizante natural manteca, antioxidante (tocoferoles).",29-11-2024,Rótulo,Galletitas Crackers Salvado Granix,Porción: 30 g (4 galletas),Valor energético,119,kcal,6.0,119.0,modal_html,13,Valor energético [kcal]
Galletitas Crackers Salvado Granix,Galletitas con salvado. 12% materia grasa,https://www.nutrinfo.com/imagenes/vademecum/13250/6749226966b70.jpg,"INGREDIENTES: Harina de trigo enriquecida segun Ley 25630, salvado de trigo, aceite de girasol alto oleico, jarabe de maíz, harina de soja, levadura inactiva, sal, cloruro de potasio, levadura, aroma natural, regulador de acidez (bicarbonato de sodio), aromatizante natural manteca, antioxidante (tocoferoles).",29-11-2024,Rótulo,Galletitas Crackers Salvado Granix,Porción: 30 g (4 galletas),Azúcares,1,g,,1.0,modal_html,13,Azúcares [g]
Galletitas Crackers Salvado Granix,Galletitas con salvado. 12% materia grasa,https://www.nutrinfo.com/imagenes/vademecum/13250/6749226966b70.jpg,"INGREDIENTES: Harina de trigo enriquecida segun Ley 25630, salvado de trigo, aceite de girasol alto oleico, jarabe de maíz, harina de soja, levadura inactiva, sal, cloruro de potasio, levadura, aroma natural, regulador de acidez (bicarbonato de sodio), aromatizante natural manteca, antioxidante (tocoferoles).",29-11-2024,Rótulo,Galletitas Crackers Salvado Granix,Porción: 30 g (4 galletas),Proteínas,3.6,g,5.0,3.6,modal_html,13,Proteínas [g]
Galletitas Crackers Salvado Granix,Galletitas con salvado. 12% materia grasa,https://www.nutrinfo.com/imagenes/vademecum/13250/6749226966b70.jpg,"INGREDIENTES: Harina de trigo enriquecida segun Ley 25630, salvado de trigo, aceite de girasol alto oleico, jarabe de maíz, harina de soja, levadura inactiva, sal, cloruro de potasio, levadura, aroma natural, regulador de acidez (bicarbonato de sodio), aromatizante natural manteca, antioxidante (tocoferoles).",29-11-2024,Rótulo,Galletitas Crackers Salvado Granix,Porción: 30 g (4 galletas),Grasas saturadas,0.3,g,1.0,0.3,modal_html,13,Grasas saturadas [g]
Galletitas Crackers Salvado Granix,Galletitas con salvado. 12% materia grasa,https://www.nutrinfo.com/imagenes/vademecum/13250/6749226966b70.jpg,"INGREDIENTES: Harina de trigo enriquecida segun Ley 25630, salvado de trigo, aceite de girasol alto oleico, jarabe de maíz, harina de soja, levadura inactiva, sal, cloruro de potasio, levadura, aroma natural, regulador de acidez (bicarbonato de sodio), aromatizante natural manteca, antioxidante (tocoferoles).",29-11-2024,Rótulo,Galletitas Crackers Salvado Granix,Porción: 30 g (4 galletas),Grasas monoinsaturadas,2.7,g,,2.7,modal_html,13,Grasas monoinsaturadas [g]
Galletitas Crackers Salvado Granix,Galletitas con salvado. 12% materia grasa,https://www.nutrinfo.com/imagenes/vademecum/13250/6749226966b70.jpg,"INGREDIENTES: Harina de trigo enriquecida segun Ley 25630, salvado de trigo, aceite de girasol alto oleico, jarabe de maíz, harina de soja, levadura inactiva, sal, cloruro de potasio, levadura, aroma natural, regulador de acidez (bicarbonato de sodio), aromatizante natural manteca, antioxidante (tocoferoles).",29-11-2024,Rótulo,Galletitas Crackers Salvado Granix,Porción: 30 g (4 galletas),Grasas poliinsaturadas,0.4,g,,0.4,modal_html,13,Grasas poliinsaturadas [g]
Galletitas Crackers Salvado Granix,Galletitas con salvado. 12% materia grasa,https://www.nutrinfo.com/imagenes/vademecum/13250/6749226966b70.jpg,"INGREDIENTES: Harina de trigo enriquecida segun Ley 25630, salvado de trigo, aceite de girasol alto oleico, jarabe de maíz, harina de soja, levadura inactiva, sal, cloruro de potasio, levadura, aroma natural, regulador de acidez (bicarbonato de sodio), aromatizante natural manteca, antioxidante (tocoferoles).",29-11-2024,Rótulo,Galletitas Crackers Salvado Granix,Porción: 30 g (4 galletas),Grasas trans,0,g,,0.0,modal_html,13,Grasas trans [g]
Galletitas Crackers Salvado Granix,Galletitas con salvado. 12% materia grasa,https://www.nutrinfo.com/imagenes/vademecum/13250/6749226966b70.jpg,"INGREDIENTES: Harina de trigo enriquecida segun Ley 25630, salvado de trigo, aceite de girasol alto oleico, jarabe de maíz, harina de soja, levadura inactiva, sal, cloruro de potasio, levadura, aroma natural, regulador de acidez (bicarbonato de sodio), aromatizante natural manteca, antioxidante (tocoferoles).",29-11-2024,Rótulo,Galletitas Crackers Salvado Granix,Porción: 30 g (4 galletas),Colesterol,0,mg,,0.0,modal_html,13,Colesterol [mg]
Galletitas Crackers Salvado Granix,Galletitas con salvado. 12% materia grasa,https://www.nutrinfo.com/imagenes/vademecum/13250/6749226966b70.jpg,"INGREDIENTES: Harina de trigo enriquecida segun Ley 25630, salvado de trigo, aceite de girasol alto oleico, jarabe de maíz, harina de soja, levadura inactiva, sal, cloruro de potasio, levadura, aroma natural, regulador de acidez (bicarbonato de sodio), aromatizante natural manteca, antioxidante (tocoferoles).",29-11-2024,Rótulo,Galletitas Crackers Salvado Granix,Porción: 30 g (4 galletas),Fibra,2.8,g,11.0,2.8,modal_html,13,Fibra [g]
Galletitas Crackers Salvado Granix,Galletitas con salvado. 12% materia grasa,https://www.nutrinfo.com/imagenes/vademecum/13250/6749226966b70.jpg,"INGREDIENTES: Harina de trigo enriquecida segun Ley 25630, salvado de trigo, aceite de girasol alto oleico, jarabe de maíz, harina de soja, levadura inactiva, sal, cloruro de potasio, levadura, aroma natural, regulador de acidez (bicarbonato de sodio), aromatizante natural manteca, antioxidante (tocoferoles).",29-11-2024,Rótulo,Galletitas Crackers Salvado Granix,Porción: 30 g (4 galletas),Sodio,83,mg,3.0,83.0,modal_html,13,Sodio [mg]
Galletitas Granagua Sandwich Granix,Galletitas con salvado. 12% materia grasa,https://www.nutrinfo.com/imagenes/vademecum/13250/6749226966b70.jpg,"INGREDIENTES: Harina de trigo enriquecida Ley 25630, aceite de girasol alto oleico, jarabe de maíz, levadura inactiva, sal, cloruro de potasio, levadura, aroma natural, regulador de la acidez (bicarbonato de sodio), aromatizante natural manteca, antioxidante (tocoferoles).",29-11-2024,Rótulo,Galletitas Granagua Sandwich Granix,Porción: 30 g (5 unidades),Valor energético,128,kcal,6.0,128.0,modal_html,14,Valor energético [kcal]
Galletitas Granagua Sandwich Granix,Galletitas con salvado. 12% materia grasa,https://www.nutrinfo.com/imagenes/vademecum/13250/6749226966b70.jpg,"INGREDIENTES: Harina de trigo enriquecida Ley 25630, aceite de girasol alto oleico, jarabe de maíz, levadura inactiva, sal, cloruro de potasio, levadura, aroma natural, regulador de la acidez (bicarbonato de sodio), aromatizante natural manteca, antioxidante (tocoferoles).",29-11-2024,Rótulo,Galletitas Granagua Sandwich Granix,Porción: 30 g (5 unidades),Carbohidratos,20,g,7.0,20.0,modal_html,14,Carbohidratos [g]
Galletitas Granagua Sandwich Granix,Galletitas con salvado. 12% materia grasa,https://www.nutrinfo.com/imagenes/vademecum/13250/6749226966b70.jpg,"INGREDIENTES: Harina de trigo enriquecida Ley 25630, aceite de girasol alto oleico, jarabe de maíz, levadura inactiva, sal, cloruro de potasio, levadura, aroma natural, regulador de la acidez (bicarbonato de sodio), aromatizante natural manteca, antioxidante (tocoferoles).",29-11-2024,Rótulo,Galletitas Granagua Sandwich Granix,Porción: 30 g (5 unidades),Proteínas,3.3,g,4.0,3.3,modal_html,14,Proteínas [g]
Galletitas Granagua Sandwich Granix,Galletitas con salvado. 12% materia grasa,https://www.nutrinfo.com/imagenes/vademecum/13250/6749226966b70.jpg,"INGREDIENTES: Harina de trigo enriquecida Ley 25630, aceite de girasol alto oleico, jarabe de maíz, levadura inactiva, sal, cloruro de potasio, levadura, aroma natural, regulador de la acidez (bicarbonato de sodio), aromatizante natural manteca, antioxidante (tocoferoles).",29-11-2024,Rótulo,Galletitas Granagua Sandwich Granix,Porción: 30 g (5 unidades),Grasas saturadas,0.3,g,1.0,0.3,modal_html,14,Grasas saturadas [g]
Galletitas Granagua Sandwich Granix,Galletitas con salvado. 12% materia grasa,https://www.nutrinfo.com/imagenes/vademecum/13250/6749226966b70.jpg,"INGREDIENTES: Harina de trigo enriquecida Ley 25630, aceite de girasol alto oleico, jarabe de maíz, levadura inactiva, sal, cloruro de potasio, levadura, aroma natural, regulador de la acidez (bicarbonato de sodio), aromatizante natural manteca, antioxidante (tocoferoles).",29-11-2024,Rótulo,Galletitas Granagua Sandwich Granix,Porción: 30 g (5 unidades),Grasas monoinsaturadas,3,g,,3.0,modal_html,14,Grasas monoinsaturadas [g]
Galletitas Granagua Sandwich Granix,Galletitas con salvado. 12% materia grasa,https://www.nutrinfo.com/imagenes/vademecum/13250/6749226966b70.jpg,"INGREDIENTES: Harina de trigo enriquecida Ley 25630, aceite de girasol alto oleico, jarabe de maíz, levadura inactiva, sal, cloruro de potasio, levadura, aroma natural, regulador de la acidez (bicarbonato de sodio), aromatizante natural manteca, antioxidante (tocoferoles).",29-11-2024,Rótulo,Galletitas Granagua Sandwich Granix,Porción: 30 g (5 unidades),Grasas poliinsaturadas,0.3,g,,0.3,modal_html,14,Grasas poliinsaturadas [g]
Galletitas Granagua Sandwich Granix,Galletitas con salvado. 12% materia grasa,https://www.nutrinfo.com/imagenes/vademecum/13250/6749226966b70.jpg,"INGREDIENTES: Harina de trigo enriquecida Ley 25630, aceite de girasol alto oleico, jarabe de maíz, levadura inactiva, sal, cloruro de potasio, levadura, aroma natural, regulador de la acidez (bicarbonato de sodio), aromatizante natural manteca, antioxidante (tocoferoles).",29-11-2024,Rótulo,Galletitas Granagua Sandwich Granix,Porción: 30 g (5 unidades),Grasas trans,0,g,,0.0,modal_html,14,Grasas trans [g]
Galletitas Granagua Sandwich Granix,Galletitas con salvado. 12% materia grasa,https://www.nutrinfo.com/imagenes/vademecum/13250/6749226966b70.jpg,"INGREDIENTES: Harina de trigo enriquecida Ley 25630, aceite de girasol alto oleico, jarabe de maíz, levadura inactiva, sal, cloruro de potasio, levadura, aroma natural, regulador de la acidez (bicarbonato de sodio), aromatizante natural manteca, antioxidante (tocoferoles).",29-11-2024,Rótulo,Galletitas Granagua Sandwich Granix,Porción: 30 g (5 unidades),Fibra,1.4,g,6.0,1.4,modal_html,14,Fibra [g]
Galletitas Granagua Sandwich Granix,Galletitas con salvado. 12% materia grasa,https://www.nutrinfo.com/imagenes/vademecum/13250/6749226966b70.jpg,"INGREDIENTES: Harina de trigo enriquecida Ley 25630, aceite de girasol alto oleico, jarabe de maíz, levadura inactiva, sal, cloruro de potasio, levadura, aroma natural, regulador de la acidez (bicarbonato de sodio), aromatizante natural manteca, antioxidante (tocoferoles).",29-11-2024,Rótulo,Galletitas Granagua Sandwich Granix,Porción: 30 g (5 unidades),Sodio,81,mg,3.0,81.0,modal_html,14,Sodio [mg]
Galletitas Dulces de Vainilla Rellenas Sabor Frutilla Formis Lab,Galletita dulce con relleno sabor frutilla. Tenor graso 21%,https://www.nutrinfo.com/imagenes/vademecum/11926/67218b387da4e.jpg,,30-10-2024,Rótulo,Galletitas Dulces de Vainilla Rellenas Sabor Frutilla Formis Lab,Porción: 31 g (5 galletitas),Valor energético,150,kcal,8.0,150.0,modal_html,15,Valor energético [kcal]
Galletitas Dulces de Vainilla Rellenas Sabor Frutilla Formis Lab,Galletita dulce con relleno sabor frutilla. Tenor graso 21%,https://www.nutrinfo.com/imagenes/vademecum/11926/67218b387da4e.jpg,,30-10-2024,Rótulo,Galletitas Dulces de Vainilla Rellenas Sabor Frutilla Formis Lab,Porción: 31 g (5 galletitas),Azúcares,7.3,g,,7.3,modal_html,15,Azúcares [g]
Galletitas Dulces de Vainilla Rellenas Sabor Frutilla Formis Lab,Galletita dulce con relleno sabor frutilla. Tenor graso 21%,https://www.nutrinfo.com/imagenes/vademecum/11926/67218b387da4e.jpg,,30-10-2024,Rótulo,Galletitas Dulces de Vainilla Rellenas Sabor Frutilla Formis Lab,Porción: 31 g (5 galletitas),Proteínas,2.3,g,3.0,2.3,modal_html,15,Proteínas [g]
Galletitas Dulces de Vainilla Rellenas Sabor Frutilla Formis Lab,Galletita dulce con relleno sabor frutilla. Tenor graso 21%,https://www.nutrinfo.com/imagenes/vademecum/11926/67218b387da4e.jpg,,30-10-2024,Rótulo,Galletitas Dulces de Vainilla Rellenas Sabor Frutilla Formis Lab,Porción: 31 g (5 galletitas),Grasas saturadas,1.8,g,8.0,1.8,modal_html,15,Grasas saturadas [g]
Galletitas Dulces de Vainilla Rellenas Sabor Frutilla Formis Lab,Galletita dulce con relleno sabor frutilla. Tenor graso 21%,https://www.nutrinfo.com/imagenes/vademecum/11926/67218b387da4e.jpg,,30-10-2024,Rótulo,Galletitas Dulces de Vainilla Rellenas Sabor Frutilla Formis Lab,Porción: 31 g (5 galletitas),Grasas monoinsaturadas,3.7,g,,3.7,modal_html,15,Grasas monoinsaturadas [g]
Galletitas Dulces de Vainilla Rellenas Sabor Frutilla Formis Lab,Galletita dulce con relleno sabor frutilla. Tenor graso 21%,https://www.nutrinfo.com/imagenes/vademecum/11926/67218b387da4e.jpg,,30-10-2024,Rótulo,Galletitas Dulces de Vainilla Rellenas Sabor Frutilla Formis Lab,Porción: 31 g (5 galletitas),Grasas poliinsaturadas,0.6,g,,0.6,modal_html,15,Grasas poliinsaturadas [g]
Galletitas Dulces de Vainilla Rellenas Sabor Frutilla Formis Lab,Galletita dulce con relleno sabor frutilla. Tenor graso 21%,https://www.nutrinfo.com/imagenes/vademecum/11926/67218b387da4e.jpg,,30-10-2024,Rótulo,Galletitas Dulces de Vainilla Rellenas Sabor Frutilla Formis Lab,Porción: 31 g (5 galletitas),Grasas trans,0,g,,0.0,modal_html,15,Grasas trans [g]
Galletitas Dulces de Vainilla Rellenas Sabor Frutilla Formis Lab,Galletita dulce con relleno sabor frutilla. Tenor graso 21%,https://www.nutrinfo.com/imagenes/vademecum/11926/67218b387da4e.jpg,,30-10-2024,Rótulo,Galletitas Dulces de Vainilla Rellenas Sabor Frutilla Formis Lab,Porción: 31 g (5 galletitas),Colesterol,0,mg,,0.0,modal_html,15,Colesterol [mg]
Galletitas Dulces de Vainilla Rellenas Sabor Frutilla Formis Lab,Galletita dulce con relleno sabor frutilla. Tenor graso 21%,https://www.nutrinfo.com/imagenes/vademecum/11926/67218b387da4e.jpg,,30-10-2024,Rótulo,Galletitas Dulces de Vainilla Rellenas Sabor Frutilla Formis Lab,Porción: 31 g (5 galletitas),Fibra,0.5,g,2.0,0.5,modal_html,15,Fibra [g]
Galletitas Dulces de Vainilla Rellenas Sabor Frutilla Formis Lab,Galletita dulce con relleno sabor frutilla. Tenor graso 21%,https://www.nutrinfo.com/imagenes/vademecum/11926/67218b387da4e.jpg,,30-10-2024,Rótulo,Galletitas Dulces de Vainilla Rellenas Sabor Frutilla Formis Lab,Porción: 31 g (5 galletitas),Sodio,82,mg,3.0,82.0,modal_html,15,Sodio [mg]
Snacks de Arroz Bañado Quento,Bocaditos de arroz cubiertos con baño de repostería con leche,https://www.nutrinfo.com/imagenes/vademecum/15865/66ec76f4ebc5d.jpg,"INGREDIENTES: Harina de arroz, baño de repostería con leche (azúcar, aceite vegetal hidrogenado, leche en polvo descremada, cacao en polvo, sal, emulsionante: INS 322, aromatizante: etilvainillina).",19-09-2024,Rótulo,Snacks de Arroz Bañado Quento,Porción: 25 g (1 paquete de 25g),Valor energético,129,kcal,6.0,129.0,modal_html,16,Valor energético [kcal]
Snacks de Arroz Bañado Quento,Bocaditos de arroz cubiertos con baño de repostería con leche,https://www.nutrinfo.com/imagenes/vademecum/15865/66ec76f4ebc5d.jpg,"INGREDIENTES: Harina de arroz, baño de repostería con leche (azúcar, aceite vegetal hidrogenado, leche en polvo descremada, cacao en polvo, sal, emulsionante: INS 322, aromatizante: etilvainillina).",19-09-2024,Rótulo,Snacks de Arroz Bañado Quento,Porción: 25 g (1 paquete de 25g),Azúcares,10,g,,10.0,modal_html,16,Azúcares [g]
Snacks de Arroz Bañado Quento,Bocaditos de arroz cubiertos con baño de repostería con leche,https://www.nutrinfo.com/imagenes/vademecum/15865/66ec76f4ebc5d.jpg,"INGREDIENTES: Harina de arroz, baño de repostería con leche (azúcar, aceite vegetal hidrogenado, leche en polvo descremada, cacao en polvo, sal, emulsionante: INS 322, aromatizante: etilvainillina).",19-09-2024,Rótulo,Snacks de Arroz Bañado Quento,Porción: 25 g (1 paquete de 25g),Proteínas,1.6,g,2.0,1.6,modal_html,16,Proteínas [g]
Snacks de Arroz Bañado Quento,Bocaditos de arroz cubiertos con baño de repostería con leche,https://www.nutrinfo.com/imagenes/vademecum/15865/66ec76f4ebc5d.jpg,"INGREDIENTES: Harina de arroz, baño de repostería con leche (azúcar, aceite vegetal hidrogenado, leche en polvo descremada, cacao en polvo, sal, emulsionante: INS 322, aromatizante: etilvainillina).",19-09-2024,Rótulo,Snacks de Arroz Bañado Quento,Porción: 25 g (1 paquete de 25g),Grasas saturadas,6.6,g,30.0,6.6,modal_html,16,Grasas saturadas [g]
Snacks de Arroz Bañado Quento,Bocaditos de arroz cubiertos con baño de repostería con leche,https://www.nutrinfo.com/imagenes/vademecum/15865/66ec76f4ebc5d.jpg,"INGREDIENTES: Harina de arroz, baño de repostería con leche (azúcar, aceite vegetal hidrogenado, leche en polvo descremada, cacao en polvo, sal, emulsionante: INS 322, aromatizante: etilvainillina).",19-09-2024,Rótulo,Snacks de Arroz Bañado Quento,Porción: 25 g (1 paquete de 25g),Grasas trans,0,g,,0.0,modal_html,16,Grasas trans [g]
Snacks de Arroz Bañado Quento,Bocaditos de arroz cubiertos con baño de repostería con leche,https://www.nutrinfo.com/imagenes/vademecum/15865/66ec76f4ebc5d.jpg,"INGREDIENTES: Harina de arroz, baño de repostería con leche (azúcar, aceite vegetal hidrogenado, leche en polvo descremada, cacao en polvo, sal, emulsionante: INS 322, aromatizante: etilvainillina).",19-09-2024,Rótulo,Snacks de Arroz Bañado Quento,Porción: 25 g (1 paquete de 25g),Fibra,0.4,g,2.0,0.4,modal_html,16,Fibra [g]
Snacks de Arroz Bañado Quento,Bocaditos de arroz cubiertos con baño de repostería con leche,https://www.nutrinfo.com/imagenes/vademecum/15865/66ec76f4ebc5d.jpg,"INGREDIENTES: Harina de arroz, baño de repostería con leche (azúcar, aceite vegetal hidrogenado, leche en polvo descremada, cacao en polvo, sal, emulsionante: INS 322, aromatizante: etilvainillina).",19-09-2024,Rótulo,Snacks de Arroz Bañado Quento,Porción: 25 g (1 paquete de 25g),Sodio,17,mg,1.0,17.0,modal_html,16,Sodio [mg]
Galletitas Sabor Coca Cola Oreo,Bocaditos de arroz cubiertos con baño de repostería con leche,https://www.nutrinfo.com/imagenes/vademecum/15865/66ec76f4ebc5d.jpg,"INGREDIENTES: Azúcar, harina de trigo enriquecida, grasa vegetal, aceite vegetal, cacao en polvo, jarabe de maíz de alta fructosa, almidón, sal, leudantes químicos (bicarbonato de sodio, bicarbonato de amonio), emulsionante (lecitina de soja), aromatizantes, acidulante (ácido fosfórico), colorantes (rojo 40, ponceau 4R, carmín).",17-09-2024,Rótulo,Galletitas Sabor Coca Cola Oreo,Porción: 32 g (3 galletitas),Valor energético,157,kcal,8.0,157.0,modal_html,17,Valor energético [kcal]
Galletitas Sabor Coca Cola Oreo,Bocaditos de arroz cubiertos con baño de repostería con leche,https://www.nutrinfo.com/imagenes/vademecum/15865/66ec76f4ebc5d.jpg,"INGREDIENTES: Azúcar, harina de trigo enriquecida, grasa vegetal, aceite vegetal, cacao en polvo, jarabe de maíz de alta fructosa, almidón, sal, leudantes químicos (bicarbonato de sodio, bicarbonato de amonio), emulsionante (lecitina de soja), aromatizantes, acidulante (ácido fosfórico), colorantes (rojo 40, ponceau 4R, carmín).",17-09-2024,Rótulo,Galletitas Sabor Coca Cola Oreo,Porción: 32 g (3 galletitas),Azúcares,12,g,,12.0,modal_html,17,Azúcares [g]
Galletitas Sabor Coca Cola Oreo,Bocaditos de arroz cubiertos con baño de repostería con leche,https://www.nutrinfo.com/imagenes/vademecum/15865/66ec76f4ebc5d.jpg,"INGREDIENTES: Azúcar, harina de trigo enriquecida, grasa vegetal, aceite vegetal, cacao en polvo, jarabe de maíz de alta fructosa, almidón, sal, leudantes químicos (bicarbonato de sodio, bicarbonato de amonio), emulsionante (lecitina de soja), aromatizantes, acidulante (ácido fosfórico), colorantes (rojo 40, ponceau 4R, carmín).",17-09-2024,Rótulo,Galletitas Sabor Coca Cola Oreo,Porción: 32 g (3 galletitas),Proteínas,1.6,g,2.0,1.6,modal_html,17,Proteínas [g]
Galletitas Sabor Coca Cola Oreo,Bocaditos de arroz cubiertos con baño de repostería con leche,https://www.nutrinfo.com/imagenes/vademecum/15865/66ec76f4ebc5d.jpg,"INGREDIENTES: Azúcar, harina de trigo enriquecida, grasa vegetal, aceite vegetal, cacao en polvo, jarabe de maíz de alta fructosa, almidón, sal, leudantes químicos (bicarbonato de sodio, bicarbonato de amonio), emulsionante (lecitina de soja), aromatizantes, acidulante (ácido fosfórico), colorantes (rojo 40, ponceau 4R, carmín).",17-09-2024,Rótulo,Galletitas Sabor Coca Cola Oreo,Porción: 32 g (3 galletitas),Grasas saturadas,2.7,g,12.0,2.7,modal_html,17,Grasas saturadas [g]
Galletitas Sabor Coca Cola Oreo,Bocaditos de arroz cubiertos con baño de repostería con leche,https://www.nutrinfo.com/imagenes/vademecum/15865/66ec76f4ebc5d.jpg,"INGREDIENTES: Azúcar, harina de trigo enriquecida, grasa vegetal, aceite vegetal, cacao en polvo, jarabe de maíz de alta fructosa, almidón, sal, leudantes químicos (bicarbonato de sodio, bicarbonato de amonio), emulsionante (lecitina de soja), aromatizantes, acidulante (ácido fosfórico), colorantes (rojo 40, ponceau 4R, carmín).",17-09-2024,Rótulo,Galletitas Sabor Coca Cola Oreo,Porción: 32 g (3 galletitas),Grasas trans,0,g,,0.0,modal_html,17,Grasas trans [g]
Galletitas Sabor Coca Cola Oreo,Bocaditos de arroz cubiertos con baño de repostería con leche,https://www.nutrinfo.com/imagenes/vademecum/15865/66ec76f4ebc5d.jpg,"INGREDIENTES: Azúcar, harina de trigo enriquecida, grasa vegetal, aceite vegetal, cacao en polvo, jarabe de maíz de alta fructosa, almidón, sal, leudantes químicos (bicarbonato de sodio, bicarbonato de amonio), emulsionante (lecitina de soja), aromatizantes, acidulante (ácido fosfórico), colorantes (rojo 40, ponceau 4R, carmín).",17-09-2024,Rótulo,Galletitas Sabor Coca Cola Oreo,Porción: 32 g (3 galletitas),Fibra,0.8,g,3.0,0.8,modal_html,17,Fibra [g]
Galletitas Sabor Coca Cola Oreo,Bocaditos de arroz cubiertos con baño de repostería con leche,https://www.nutrinfo.com/imagenes/vademecum/15865/66ec76f4ebc5d.jpg,"INGREDIENTES: Azúcar, harina de trigo enriquecida, grasa vegetal, aceite vegetal, cacao en polvo, jarabe de maíz de alta fructosa, almidón, sal, leudantes químicos (bicarbonato de sodio, bicarbonato de amonio), emulsionante (lecitina de soja), aromatizantes, acidulante (ácido fosfórico), colorantes (rojo 40, ponceau 4R, carmín).",17-09-2024,Rótulo,Galletitas Sabor Coca Cola Oreo,Porción: 32 g (3 galletitas),Sodio,95,mg,4.0,95.0,modal_html,17,Sodio [mg]
Obleas Sabor Chocolate Cofler,Galletitas dulces con cacao con relleno sabor a cola,https://www.nutrinfo.com/imagenes/vademecum/15848/66e98f8f88e8c.png,,17-09-2024,Rótulo,Obleas Sabor Chocolate Cofler,Porción: 26 g (3 galletitas),Valor energético,131,kcal,7.0,131.0,modal_html,18,Valor energético [kcal]
Obleas Sabor Chocolate Cofler,Galletitas dulces con cacao con relleno sabor a cola,https://www.nutrinfo.com/imagenes/vademecum/15848/66e98f8f88e8c.png,,17-09-2024,Rótulo,Obleas Sabor Chocolate Cofler,Porción: 26 g (3 galletitas),Azúcares,9.6,g,,9.6,modal_html,18,Azúcares [g]
Obleas Sabor Chocolate Cofler,Galletitas dulces con cacao con relleno sabor a cola,https://www.nutrinfo.com/imagenes/vademecum/15848/66e98f8f88e8c.png,,17-09-2024,Rótulo,Obleas Sabor Chocolate Cofler,Porción: 26 g (3 galletitas),Proteínas,1.3,g,2.0,1.3,modal_html,18,Proteínas [g]
Obleas Sabor Chocolate Cofler,Galletitas dulces con cacao con relleno sabor a cola,https://www.nutrinfo.com/imagenes/vademecum/15848/66e98f8f88e8c.png,,17-09-2024,Rótulo,Obleas Sabor Chocolate Cofler,Porción: 26 g (3 galletitas),Grasas saturadas,2.9,g,13.0,2.9,modal_html,18,Grasas saturadas [g]
Obleas Sabor Chocolate Cofler,Galletitas dulces con cacao con relleno sabor a cola,https://www.nutrinfo.com/imagenes/vademecum/15848/66e98f8f88e8c.png,,17-09-2024,Rótulo,Obleas Sabor Chocolate Cofler,Porción: 26 g (3 galletitas),Grasas monoinsaturadas,2.3,g,,2.3,modal_html,18,Grasas monoinsaturadas [g]
Obleas Sabor Chocolate Cofler,Galletitas dulces con cacao con relleno sabor a cola,https://www.nutrinfo.com/imagenes/vademecum/15848/66e98f8f88e8c.png,,17-09-2024,Rótulo,Obleas Sabor Chocolate Cofler,Porción: 26 g (3 galletitas),Grasas poliinsaturadas,0.4,g,,0.4,modal_html,18,Grasas poliinsaturadas [g]
Obleas Sabor Chocolate Cofler,Galletitas dulces con cacao con relleno sabor a cola,https://www.nutrinfo.com/imagenes/vademecum/15848/66e98f8f88e8c.png,,17-09-2024,Rótulo,Obleas Sabor Chocolate Cofler,Porción: 26 g (3 galletitas),Grasas trans,0.3,g,,0.3,modal_html,18,Grasas trans [g]
Obleas Sabor Chocolate Cofler,Galletitas dulces con cacao con relleno sabor a cola,https://www.nutrinfo.com/imagenes/vademecum/15848/66e98f8f88e8c.png,,17-09-2024,Rótulo,Obleas Sabor Chocolate Cofler,Porción: 26 g (3 galletitas),Fibra,0,g,0.0,0.0,modal_html,18,Fibra [g]
Obleas Sabor Chocolate Cofler,Galletitas dulces con cacao con relleno sabor a cola,https://www.nutrinfo.com/imagenes/vademecum/15848/66e98f8f88e8c.png,,17-09-2024,Rótulo,Obleas Sabor Chocolate Cofler,Porción: 26 g (3 galletitas),Sodio,36,mg,2.0,36.0,modal_html,18,Sodio [mg]
Cookies Sabor Bon o Bon Cofler,Galletitas dulce sabor chocolate con relleno a base de leche y maní,https://www.nutrinfo.com/imagenes/vademecum/15852/66e993f8f12d0.jpg,"INGREDIENTES: Chocolate con leche 33% (azúcar, manteca de cacao, leche entera en polvo, masa de cacao, leche descremada en polvo, sal, emulsionantes: lecitina de soja/soya, poliglicerol polirricinoleato, triesterato de sorbitan, aromatizante, cacao 36%), harina de trigo enriquecida según Ley 25630, azúcar, aceites vegetales (interesterificado y fraccionado, interesterificado, alto oleico y totalmente hidrogenado), maní tostado, leche descremada en polvo, jarabe de glucosa, almidon, cacao en polvo, sal, leudantes químicos: bicarbonato de amonio, emulsionantes: poliglicerol polirricinoleato, lecitina de soja/soya, aromatizantes artificiales: vainillina, aromas avellana y naranja.",17-09-2024,Rótulo,Cookies Sabor Bon o Bon Cofler,Porción: 26 g (2 galletitatas),Valor energético,134,kcal,7.0,134.0,modal_html,19,Valor energético [kcal]
Cookies Sabor Bon o Bon Cofler,Galletitas dulce sabor chocolate con relleno a base de leche y maní,https://www.nutrinfo.com/imagenes/vademecum/15852/66e993f8f12d0.jpg,"INGREDIENTES: Chocolate con leche 33% (azúcar, manteca de cacao, leche entera en polvo, masa de cacao, leche descremada en polvo, sal, emulsionantes: lecitina de soja/soya, poliglicerol polirricinoleato, triesterato de sorbitan, aromatizante, cacao 36%), harina de trigo enriquecida según Ley 25630, azúcar, aceites vegetales (interesterificado y fraccionado, interesterificado, alto oleico y totalmente hidrogenado), maní tostado, leche descremada en polvo, jarabe de glucosa, almidon, cacao en polvo, sal, leudantes químicos: bicarbonato de amonio, emulsionantes: poliglicerol polirricinoleato, lecitina de soja/soya, aromatizantes artificiales: vainillina, aromas avellana y naranja.",17-09-2024,Rótulo,Cookies Sabor Bon o Bon Cofler,Porción: 26 g (2 galletitatas),Azúcares,10,g,,10.0,modal_html,19,Azúcares [g]
Cookies Sabor Bon o Bon Cofler,Galletitas dulce sabor chocolate con relleno a base de leche y maní,https://www.nutrinfo.com/imagenes/vademecum/15852/66e993f8f12d0.jpg,"INGREDIENTES: Chocolate con leche 33% (azúcar, manteca de cacao, leche entera en polvo, masa de cacao, leche descremada en polvo, sal, emulsionantes: lecitina de soja/soya, poliglicerol polirricinoleato, triesterato de sorbitan, aromatizante, cacao 36%), harina de trigo enriquecida según Ley 25630, azúcar, aceites vegetales (interesterificado y fraccionado, interesterificado, alto oleico y totalmente hidrogenado), maní tostado, leche descremada en polvo, jarabe de glucosa, almidon, cacao en polvo, sal, leudantes químicos: bicarbonato de amonio, emulsionantes: poliglicerol polirricinoleato, lecitina de soja/soya, aromatizantes artificiales: vainillina, aromas avellana y naranja.",17-09-2024,Rótulo,Cookies Sabor Bon o Bon Cofler,Porción: 26 g (2 galletitatas),Proteínas,2.4,g,3.0,2.4,modal_html,19,Proteínas [g]
Cookies Sabor Bon o Bon Cofler,Galletitas dulce sabor chocolate con relleno a base de leche y maní,https://www.nutrinfo.com/imagenes/vademecum/15852/66e993f8f12d0.jpg,"INGREDIENTES: Chocolate con leche 33% (azúcar, manteca de cacao, leche entera en polvo, masa de cacao, leche descremada en polvo, sal, emulsionantes: lecitina de soja/soya, poliglicerol polirricinoleato, triesterato de sorbitan, aromatizante, cacao 36%), harina de trigo enriquecida según Ley 25630, azúcar, aceites vegetales (interesterificado y fraccionado, interesterificado, alto oleico y totalmente hidrogenado), maní tostado, leche descremada en polvo, jarabe de glucosa, almidon, cacao en polvo, sal, leudantes químicos: bicarbonato de amonio, emulsionantes: poliglicerol polirricinoleato, lecitina de soja/soya, aromatizantes artificiales: vainillina, aromas avellana y naranja.",17-09-2024,Rótulo,Cookies Sabor Bon o Bon Cofler,Porción: 26 g (2 galletitatas),Grasas saturadas,3.6,g,16.0,3.6,modal_html,19,Grasas saturadas [g]
Cookies Sabor Bon o Bon Cofler,Galletitas dulce sabor chocolate con relleno a base de leche y maní,https://www.nutrinfo.com/imagenes/vademecum/15852/66e993f8f12d0.jpg,"INGREDIENTES: Chocolate con leche 33% (azúcar, manteca de cacao, leche entera en polvo, masa de cacao, leche descremada en polvo, sal, emulsionantes: lecitina de soja/soya, poliglicerol polirricinoleato, triesterato de sorbitan, aromatizante, cacao 36%), harina de trigo enriquecida según Ley 25630, azúcar, aceites vegetales (interesterificado y fraccionado, interesterificado, alto oleico y totalmente hidrogenado), maní tostado, leche descremada en polvo, jarabe de glucosa, almidon, cacao en polvo, sal, leudantes químicos: bicarbonato de amonio, emulsionantes: poliglicerol polirricinoleato, lecitina de soja/soya, aromatizantes artificiales: vainillina, aromas avellana y naranja.",17-09-2024,Rótulo,Cookies Sabor Bon o Bon Cofler,Porción: 26 g (2 galletitatas),Grasas monoinsaturadas,2.5,g,,2.5,modal_html,19,Grasas monoinsaturadas [g]
Cookies Sabor Bon o Bon Cofler,Galletitas dulce sabor chocolate con relleno a base de leche y maní,https://www.nutrinfo.com/imagenes/vademecum/15852/66e993f8f12d0.jpg,"INGREDIENTES: Chocolate con leche 33% (azúcar, manteca de cacao, leche entera en polvo, masa de cacao, leche descremada en polvo, sal, emulsionantes: lecitina de soja/soya, poliglicerol polirricinoleato, triesterato de sorbitan, aromatizante, cacao 36%), harina de trigo enriquecida según Ley 25630, azúcar, aceites vegetales (interesterificado y fraccionado, interesterificado, alto oleico y totalmente hidrogenado), maní tostado, leche descremada en polvo, jarabe de glucosa, almidon, cacao en polvo, sal, leudantes químicos: bicarbonato de amonio, emulsionantes: poliglicerol polirricinoleato, lecitina de soja/soya, aromatizantes artificiales: vainillina, aromas avellana y naranja.",17-09-2024,Rótulo,Cookies Sabor Bon o Bon Cofler,Porción: 26 g (2 galletitatas),Grasas poliinsaturadas,1,g,,1.0,modal_html,19,Grasas poliinsaturadas [g]
Cookies Sabor Bon o Bon Cofler,Galletitas dulce sabor chocolate con relleno a base de leche y maní,https://www.nutrinfo.com/imagenes/vademecum/15852/66e993f8f12d0.jpg,"INGREDIENTES: Chocolate con leche 33% (azúcar, manteca de cacao, leche entera en polvo, masa de cacao, leche descremada en polvo, sal, emulsionantes: lecitina de soja/soya, poliglicerol polirricinoleato, triesterato de sorbitan, aromatizante, cacao 36%), harina de trigo enriquecida según Ley 25630, azúcar, aceites vegetales (interesterificado y fraccionado, interesterificado, alto oleico y totalmente hidrogenado), maní tostado, leche descremada en polvo, jarabe de glucosa, almidon, cacao en polvo, sal, leudantes químicos: bicarbonato de amonio, emulsionantes: poliglicerol polirricinoleato, lecitina de soja/soya, aromatizantes artificiales: vainillina, aromas avellana y naranja.",17-09-2024,Rótulo,Cookies Sabor Bon o Bon Cofler,Porción: 26 g (2 galletitatas),Grasas trans,0,g,,0.0,modal_html,19,Grasas trans [g]
Cookies Sabor Bon o Bon Cofler,Galletitas dulce sabor chocolate con relleno a base de leche y maní,https://www.nutrinfo.com/imagenes/vademecum/15852/66e993f8f12d0.jpg,"INGREDIENTES: Chocolate con leche 33% (azúcar, manteca de cacao, leche entera en polvo, masa de cacao, leche descremada en polvo, sal, emulsionantes: lecitina de soja/soya, poliglicerol polirricinoleato, triesterato de sorbitan, aromatizante, cacao 36%), harina de trigo enriquecida según Ley 25630, azúcar, aceites vegetales (interesterificado y fraccionado, interesterificado, alto oleico y totalmente hidrogenado), maní tostado, leche descremada en polvo, jarabe de glucosa, almidon, cacao en polvo, sal, leudantes químicos: bicarbonato de amonio, emulsionantes: poliglicerol polirricinoleato, lecitina de soja/soya, aromatizantes artificiales: vainillina, aromas avellana y naranja.",17-09-2024,Rótulo,Cookies Sabor Bon o Bon Cofler,Porción: 26 g (2 galletitatas),Fibra,0,g,0.0,0.0,modal_html,19,Fibra [g]
Cookies Sabor Bon o Bon Cofler,Galletitas dulce sabor chocolate con relleno a base de leche y maní,https://www.nutrinfo.com/imagenes/vademecum/15852/66e993f8f12d0.jpg,"INGREDIENTES: Chocolate con leche 33% (azúcar, manteca de cacao, leche entera en polvo, masa de cacao, leche descremada en polvo, sal, emulsionantes: lecitina de soja/soya, poliglicerol polirricinoleato, triesterato de sorbitan, aromatizante, cacao 36%), harina de trigo enriquecida según Ley 25630, azúcar, aceites vegetales (interesterificado y fraccionado, interesterificado, alto oleico y totalmente hidrogenado), maní tostado, leche descremada en polvo, jarabe de glucosa, almidon, cacao en polvo, sal, leudantes químicos: bicarbonato de amonio, emulsionantes: poliglicerol polirricinoleato, lecitina de soja/soya, aromatizantes artificiales: vainillina, aromas avellana y naranja.",17-09-2024,Rótulo,Cookies Sabor Bon o Bon Cofler,Porción: 26 g (2 galletitatas),Sodio,36,mg,2.0,36.0,modal_html,19,Sodio [mg]
Snacks Triangulitos de Sésamo y Sal Marina Almadre,Galletas de arroz con quinoa,https://www.nutrinfo.com/imagenes/vademecum/15712/660beaf390fdd.jpg,"INGREDIENTES: Harina integral, masa madre de trigo, semillas de sésamo, harina de centeno, aceite vegetal alto oleico, sal marina.",17-06-2024,Rótulo,Snacks Triangulitos de Sésamo y Sal Marina Almadre,Porción: 25 g (10 snacks aprox),Valor energético,66,kcal,3.0,66.0,modal_html,27,Valor energético [kcal]
Snacks Triangulitos de Sésamo y Sal Marina Almadre,Galletas de arroz con quinoa,https://www.nutrinfo.com/imagenes/vademecum/15712/660beaf390fdd.jpg,"INGREDIENTES: Harina integral, masa madre de trigo, semillas de sésamo, harina de centeno, aceite vegetal alto oleico, sal marina.",17-06-2024,Rótulo,Snacks Triangulitos de Sésamo y Sal Marina Almadre,Porción: 25 g (10 snacks aprox),Azúcares,0.1,g,,0.1,modal_html,27,Azúcares [g]
Snacks Triangulitos de Sésamo y Sal Marina Almadre,Galletas de arroz con quinoa,https://www.nutrinfo.com/imagenes/vademecum/15712/660beaf390fdd.jpg,"INGREDIENTES: Harina integral, masa madre de trigo, semillas de sésamo, harina de centeno, aceite vegetal alto oleico, sal marina.",17-06-2024,Rótulo,Snacks Triangulitos de Sésamo y Sal Marina Almadre,Porción: 25 g (10 snacks aprox),Proteínas,2.4,g,3.0,2.4,modal_html,27,Proteínas [g]
Snacks Triangulitos de Sésamo y Sal Marina Almadre,Galletas de arroz con quinoa,https://www.nutrinfo.com/imagenes/vademecum/15712/660beaf390fdd.jpg,"INGREDIENTES: Harina integral, masa madre de trigo, semillas de sésamo, harina de centeno, aceite vegetal alto oleico, sal marina.",17-06-2024,Rótulo,Snacks Triangulitos de Sésamo y Sal Marina Almadre,Porción: 25 g (10 snacks aprox),Grasas saturadas,0.2,g,1.0,0.2,modal_html,27,Grasas saturadas [g]
Snacks Triangulitos de Sésamo y Sal Marina Almadre,Galletas de arroz con quinoa,https://www.nutrinfo.com/imagenes/vademecum/15712/660beaf390fdd.jpg,"INGREDIENTES: Harina integral, masa madre de trigo, semillas de sésamo, harina de centeno, aceite vegetal alto oleico, sal marina.",17-06-2024,Rótulo,Snacks Triangulitos de Sésamo y Sal Marina Almadre,Porción: 25 g (10 snacks aprox),Grasas monoinsaturadas,0.6,g,,0.6,modal_html,27,Grasas monoinsaturadas [g]
Snacks Triangulitos de Sésamo y Sal Marina Almadre,Galletas de arroz con quinoa,https://www.nutrinfo.com/imagenes/vademecum/15712/660beaf390fdd.jpg,"INGREDIENTES: Harina integral, masa madre de trigo, semillas de sésamo, harina de centeno, aceite vegetal alto oleico, sal marina.",17-06-2024,Rótulo,Snacks Triangulitos de Sésamo y Sal Marina Almadre,Porción: 25 g (10 snacks aprox),Grasas poliinsaturadas,0.7,g,,0.7,modal_html,27,Grasas poliinsaturadas [g]
Snacks Triangulitos de Sésamo y Sal Marina Almadre,Galletas de arroz con quinoa,https://www.nutrinfo.com/imagenes/vademecum/15712/660beaf390fdd.jpg,"INGREDIENTES: Harina integral, masa madre de trigo, semillas de sésamo, harina de centeno, aceite vegetal alto oleico, sal marina.",17-06-2024,Rótulo,Snacks Triangulitos de Sésamo y Sal Marina Almadre,Porción: 25 g (10 snacks aprox),Grasas trans,0,g,,0.0,modal_html,27,Grasas trans [g]
Snacks Triangulitos de Sésamo y Sal Marina Almadre,Galletas de arroz con quinoa,https://www.nutrinfo.com/imagenes/vademecum/15712/660beaf390fdd.jpg,"INGREDIENTES: Harina integral, masa madre de trigo, semillas de sésamo, harina de centeno, aceite vegetal alto oleico, sal marina.",17-06-2024,Rótulo,Snacks Triangulitos de Sésamo y Sal Marina Almadre,Porción: 25 g (10 snacks aprox),Fibra,8.1,g,32.0,8.1,modal_html,27,Fibra [g]
Snacks Triangulitos de Sésamo y Sal Marina Almadre,Galletas de arroz con quinoa,https://www.nutrinfo.com/imagenes/vademecum/15712/660beaf390fdd.jpg,"INGREDIENTES: Harina integral, masa madre de trigo, semillas de sésamo, harina de centeno, aceite vegetal alto oleico, sal marina.",17-06-2024,Rótulo,Snacks Triangulitos de Sésamo y Sal Marina Almadre,Porción: 25 g (10 snacks aprox),Sodio,228,mg,10.0,228.0,modal_html,27,Sodio [mg]
Galletitas Planchitas Clásicas NS,Galletitas saladas. Contenido graso 10%,https://www.nutrinfo.com/imagenes/vademecum/15765/665a88879b184.jpg,,01-06-2024,Rótulo,Galletitas Planchitas Clásicas NS,Porción: 30 g (4 unidades),Valor energético,117,kcal,6.0,117.0,modal_html,28,Valor energético [kcal]
Galletitas Planchitas Clásicas NS,Galletitas saladas. Contenido graso 10%,https://www.nutrinfo.com/imagenes/vademecum/15765/665a88879b184.jpg,,01-06-2024,Rótulo,Galletitas Planchitas Clásicas NS,Porción: 30 g (4 unidades),Azúcares,0,g,,0.0,modal_html,28,Azúcares [g]
Galletitas Planchitas Clásicas NS,Galletitas saladas. Contenido graso 10%,https://www.nutrinfo.com/imagenes/vademecum/15765/665a88879b184.jpg,,01-06-2024,Rótulo,Galletitas Planchitas Clásicas NS,Porción: 30 g (4 unidades),Proteínas,2,g,3.0,2.0,modal_html,28,Proteínas [g]
Galletitas Planchitas Clásicas NS,Galletitas saladas. Contenido graso 10%,https://www.nutrinfo.com/imagenes/vademecum/15765/665a88879b184.jpg,,01-06-2024,Rótulo,Galletitas Planchitas Clásicas NS,Porción: 30 g (4 unidades),Grasas saturadas,5,g,23.0,5.0,modal_html,28,Grasas saturadas [g]
Galletitas Planchitas Clásicas NS,Galletitas saladas. Contenido graso 10%,https://www.nutrinfo.com/imagenes/vademecum/15765/665a88879b184.jpg,,01-06-2024,Rótulo,Galletitas Planchitas Clásicas NS,Porción: 30 g (4 unidades),Grasas trans,0,g,,0.0,modal_html,28,Grasas trans [g]
Galletitas Planchitas Clásicas NS,Galletitas saladas. Contenido graso 10%,https://www.nutrinfo.com/imagenes/vademecum/15765/665a88879b184.jpg,,01-06-2024,Rótulo,Galletitas Planchitas Clásicas NS,Porción: 30 g (4 unidades),Fibra,1,g,4.0,1.0,modal_html,28,Fibra [g]
Galletitas Planchitas Clásicas NS,Galletitas saladas. Contenido graso 10%,https://www.nutrinfo.com/imagenes/vademecum/15765/665a88879b184.jpg,,01-06-2024,Rótulo,Galletitas Planchitas Clásicas NS,Porción: 30 g (4 unidades),Sodio,236,mg,10.0,236.0,modal_html,28,Sodio [mg]
Galletitas Planchitas Clásicas Sin Sal NS,Galletitas. Contenido graso 16%.,https://www.nutrinfo.com/imagenes/vademecum/15764/665a87a0cc2f0.jpg,,01-06-2024,Rótulo,Galletitas Planchitas Clásicas Sin Sal NS,Porción: 30 g (5 unidades),Valor energético,125,kcal,6.0,125.0,modal_html,29,Valor energético [kcal]
Galletitas Planchitas Clásicas Sin Sal NS,Galletitas. Contenido graso 16%.,https://www.nutrinfo.com/imagenes/vademecum/15764/665a87a0cc2f0.jpg,,01-06-2024,Rótulo,Galletitas Planchitas Clásicas Sin Sal NS,Porción: 30 g (5 unidades),Azúcares,0,g,,0.0,modal_html,29,Azúcares [g]
Galletitas Planchitas Clásicas Sin Sal NS,Galletitas. Contenido graso 16%.,https://www.nutrinfo.com/imagenes/vademecum/15764/665a87a0cc2f0.jpg,,01-06-2024,Rótulo,Galletitas Planchitas Clásicas Sin Sal NS,Porción: 30 g (5 unidades),Proteínas,2,g,3.0,2.0,modal_html,29,Proteínas [g]
Galletitas Planchitas Clásicas Sin Sal NS,Galletitas. Contenido graso 16%.,https://www.nutrinfo.com/imagenes/vademecum/15764/665a87a0cc2f0.jpg,,01-06-2024,Rótulo,Galletitas Planchitas Clásicas Sin Sal NS,Porción: 30 g (5 unidades),Grasas saturadas,5.4,g,25.0,5.4,modal_html,29,Grasas saturadas [g]
Galletitas Planchitas Clásicas Sin Sal NS,Galletitas. Contenido graso 16%.,https://www.nutrinfo.com/imagenes/vademecum/15764/665a87a0cc2f0.jpg,,01-06-2024,Rótulo,Galletitas Planchitas Clásicas Sin Sal NS,Porción: 30 g (5 unidades),Grasas trans,0,g,,0.0,modal_html,29,Grasas trans [g]
Galletitas Planchitas Clásicas Sin Sal NS,Galletitas. Contenido graso 16%.,https://www.nutrinfo.com/imagenes/vademecum/15764/665a87a0cc2f0.jpg,,01-06-2024,Rótulo,Galletitas Planchitas Clásicas Sin Sal NS,Porción: 30 g (5 unidades),Fibra,0.9,g,4.0,0.9,modal_html,29,Fibra [g]
Galletitas Planchitas Clásicas Sin Sal NS,Galletitas. Contenido graso 16%.,https://www.nutrinfo.com/imagenes/vademecum/15764/665a87a0cc2f0.jpg,,01-06-2024,Rótulo,Galletitas Planchitas Clásicas Sin Sal NS,Porción: 30 g (5 unidades),Sodio,0,mg,0.0,0.0,modal_html,29,Sodio [mg]
